customer_unique_id,order_value,freight_value,freight_pct,item_count,avg_item_price,actual_delivery_days,promised_delivery_days,delay_hours,delivered_on_time,delivery_speed_ratio,review_score,positive_review,bad_review,review_response_days,payment_type,installments,payment_methods_used,category,product_weight_g,product_photos_qty,purchase_month,purchase_dow,purchase_hour,customer_state,churned,category_grouped,state_grouped
e3511816304e36e02070733ff8200013,179.0,82.07,45.85,1,179.0,25.394930555555554,32.423668981481484,0.0,1,0.7832,4,1,0,1.583888888888889,credit_card,2,1,stationery,9850.0,3.0,11.0,4.0,13.0,PE,1,stationery,PE
83132b57a9cce2595f648b5f8153d17c,169.9,21.68,12.76,1,169.9,11.751909722222223,22.922199074074076,0.0,1,0.5127,4,1,0,1.052349537037037,credit_card,2,1,cool_stuff,6730.0,1.0,7.0,0.0,1.0,RJ,1,cool_stuff,RJ
a7f5373919003347aca47cfce7c26997,278.0,26.5,9.53,1,278.0,33.08896990740741,38.14667824074074,0.0,1,0.8674,1,0,1,0.5142129629629629,credit_card,6,1,baby,987.0,1.0,12.0,6.0,20.0,PA,1,baby,PA
686533816e3f79af8b839a257b29d863,29.7,16.32,54.95,1,29.7,9.611006944444444,18.065590277777776,0.0,1,0.532,5,1,0,2.7053356481481483,credit_card,1,1,food_drink,1150.0,1.0,4.0,5.0,22.0,SP,1,other,SP
ce3fb98957fc518a6182f185147b507e,337.0,22.85,6.78,1,337.0,5.541400462962963,21.677569444444444,0.0,1,0.2556,5,1,0,0.7322685185185185,credit_card,4,1,sports_leisure,2650.0,1.0,10.0,3.0,7.0,MG,1,sports_leisure,MG
b5283f89d656dd98b1376dfb0926ae2a,24.5,13.34,54.45,1,24.5,45.288645833333334,19.421354166666667,500.0,0,2.3319,5,1,0,2.8540625,debit_card,1,1,electronics,300.0,1.0,3.0,5.0,13.0,SP,1,electronics,SP
0c3d4091777941c3c51a4408a3ec0037,37.99,18.23,47.99,1,37.99,9.302094907407408,20.411840277777777,0.0,1,0.4557,5,1,0,1.4234375,credit_card,1,1,telephony,300.0,5.0,4.0,1.0,14.0,MG,1,telephony,MG
c544d0dda7c26db867857891475e918a,26.99,14.52,53.8,1,26.99,18.95105324074074,20.415034722222224,0.0,1,0.9283,3,0,0,1.045590277777778,boleto,1,1,telephony,100.0,2.0,3.0,3.0,14.0,SC,1,telephony,SC
e04a7325e3be5691e96678291996d4ea,36.75,15.1,41.09,1,36.75,13.15366898148148,21.392627314814813,0.0,1,0.6149,5,1,0,3.4236921296296297,credit_card,4,1,luggage_accessories,150.0,1.0,6.0,2.0,14.0,RJ,1,other,RJ
df8804818ea4d3dc207cf43067d70916,79.98,44.33,55.43,1,79.98,27.59466435185185,30.181712962962962,0.0,1,0.9143,4,1,0,0.6273148148148148,credit_card,2,1,office_furniture,7463.0,1.0,5.0,2.0,19.0,GO,1,office_furniture,GO
eaaf8e14e1d9f3f83db5ec5e73913ea1,79.89,8.75,10.95,1,79.89,5.240069444444444,18.412314814814813,0.0,1,0.2846,5,1,0,2.9245023148148146,credit_card,1,1,furniture_decor,800.0,3.0,1.0,3.0,14.0,SP,1,furniture_decor,SP
a3e5c1341fb95c48bddb6d5f70c57e5d,139.9,17.91,12.8,1,139.9,8.981469907407407,28.455439814814813,0.0,1,0.3156,5,1,0,1.4770601851851852,credit_card,6,1,watches_gifts,50.0,1.0,7.0,1.0,13.0,RJ,1,watches_gifts,RJ
f9ae226291893fda10af7965268fb7f6,379.8,45.6,12.01,2,189.9,11.57869212962963,20.014282407407407,0.0,1,0.5785,4,1,0,1.3570949074074075,voucher,3,12,garden_tools,5900.0,4.0,3.0,4.0,23.0,SP,0,garden_tools,SP
47ec55455897b01bf46334b265b6ceae,79.0,26.85,33.99,1,79.0,10.273564814814815,14.53835648148148,0.0,1,0.7067,1,0,1,0.979837962962963,credit_card,1,1,bed_bath_table,2400.0,1.0,8.0,0.0,11.0,SP,1,bed_bath_table,SP
bdff11e0a0086e8b282e2b386a6c9b49,49.0,7.6,15.51,1,49.0,3.969212962962963,7.4249074074074075,0.0,1,0.5346,5,1,0,2.8616319444444445,credit_card,1,1,fashion_bags_accessories,250.0,7.0,7.0,4.0,13.0,SP,1,fashion_bags_accessories,SP
4c4ad50dc5120e2a16f2a1ccc2639755,99.99,24.83,24.83,1,99.99,30.097361111111113,63.352800925925926,0.0,1,0.4751,5,1,0,0.9708680555555556,credit_card,4,1,sports_leisure,400.0,1.0,5.0,3.0,15.0,AP,1,sports_leisure,other
603da67272be946ccb605ebf96123a62,89.9,8.98,9.99,1,89.9,2.0921180555555554,13.294386574074075,0.0,1,0.1574,5,1,0,3.6108101851851853,credit_card,4,1,bed_bath_table,1100.0,3.0,4.0,2.0,16.0,SP,1,bed_bath_table,SP
1c83b776b851b057dcc32bb2fa5edbdd,229.0,9.8,4.28,1,229.0,2.2500925925925928,15.453645833333333,0.0,1,0.1456,5,1,0,0.9159143518518519,credit_card,8,1,watches_gifts,500.0,1.0,2.0,2.0,13.0,SP,1,watches_gifts,SP
fd25374ab64dff3da1f5bf91fccd7450,157.0,18.85,12.01,1,157.0,5.583252314814815,40.14010416666667,0.0,1,0.1391,4,1,0,1.0041435185185186,credit_card,10,1,garden_tools,3000.0,3.0,1.0,2.0,20.0,PR,1,garden_tools,PR
9577832effc61fd2df9e05cac75f04de,28.9,9.51,32.91,1,28.9,2.129212962962963,8.206875,0.0,1,0.2594,5,1,0,3.055416666666667,boleto,1,1,health_beauty,650.0,2.0,6.0,2.0,19.0,SP,1,health_beauty,SP
71efa6cc80fafde36d5ef1f7226efca0,13.9,25.63,184.39,1,13.9,36.125659722222224,36.39429398148148,0.0,1,0.9926,4,1,0,2.980636574074074,credit_card,1,1,auto,250.0,2.0,1.0,2.0,14.0,PA,1,auto,PA
fb6fb9d0e2c0e57e35db552606a2e7e8,89.97,45.69,50.78,3,29.99,8.886539351851852,15.241747685185185,0.0,1,0.583,1,0,1,0.8034490740740741,credit_card,1,1,cool_stuff,400.0,2.0,3.0,1.0,18.0,SP,1,cool_stuff,SP
bb182f55e4cff6eabfc26d08354b5995,141.8,36.76,25.92,2,70.9,13.491817129629629,29.077314814814816,0.0,1,0.464,4,1,0,0.8095833333333333,boleto,1,1,computers_accessories,150.0,1.0,3.0,3.0,22.0,RS,0,computers_accessories,RS
a0bc4b8c7a1056c815ac7a2ed38186bb,276.0,34.5,12.5,2,138.0,3.1419444444444444,20.425173611111113,0.0,1,0.1538,4,1,0,1.119340277777778,credit_card,3,1,bed_bath_table,4867.0,1.0,4.0,2.0,13.0,MG,1,bed_bath_table,MG
580e86cc6d0c8eafede3d6f2fa4bf9ab,29.0,17.63,60.79,1,29.0,13.055659722222222,33.196793981481484,0.0,1,0.3933,3,0,0,2.981828703703704,credit_card,4,1,watches_gifts,250.0,2.0,7.0,5.0,19.0,PE,0,watches_gifts,PE
f2ed0b553f9663247741bc9f2e36efb1,69.9,17.74,25.38,1,69.9,19.060636574074074,26.144675925925927,0.0,1,0.729,5,1,0,1.0964699074074074,credit_card,3,1,home_appliances,1200.0,2.0,2.0,6.0,20.0,RJ,1,other,RJ
79f227df52caf2b68d36e990ff3fc652,139.89000000000001,41.51,29.67,2,69.94500000000001,35.74434027777778,26.075162037037035,232.06027777777777,0,1.3708,3,0,0,0.0,credit_card,8,1,bed_bath_table,1150.0,1.0,3.0,3.0,22.0,RJ,0,bed_bath_table,RJ
480529f64761f0f46b65206566a6ed55,23.99,15.1,62.94,1,23.99,13.589016203703704,30.87408564814815,0.0,1,0.4401,5,1,0,0.9213078703703703,boleto,1,1,health_beauty,100.0,1.0,2.0,6.0,3.0,PR,1,health_beauty,PR
fa8e440a537cc22d1138a0f10abea51a,139.0,22.68,16.32,1,139.0,16.934178240740742,22.30733796296296,0.0,1,0.7591,5,1,0,1.0268055555555555,credit_card,2,1,pet_shop,467.0,1.0,4.0,3.0,16.0,MG,1,pet_shop,MG
d8e4ff94b73188559d77f9555571d021,29.9,16.79,56.15,1,29.9,8.743877314814815,37.223078703703706,0.0,1,0.2349,4,1,0,0.8448726851851852,credit_card,1,1,sports_leisure,500.0,1.0,9.0,6.0,18.0,MG,1,sports_leisure,MG
2768e8761aeb5801d984fc31bafa0858,22.9,11.85,51.75,1,22.9,10.005127314814814,23.15628472222222,0.0,1,0.4321,5,1,0,0.9950462962962963,credit_card,3,1,cool_stuff,300.0,5.0,1.0,0.0,20.0,SP,1,cool_stuff,SP
968d82898aa8dff9d26f335945e92eee,45.0,12.69,28.2,1,45.0,7.035787037037037,24.96091435185185,0.0,1,0.2819,5,1,0,65.12310185185186,credit_card,1,1,toys,1223.0,1.0,1.0,6.0,0.0,SP,1,toys,SP
d3857f98166ef23ca95d44cbe9b1828c,39.9,15.23,38.17,1,39.9,17.678993055555555,22.670439814814817,0.0,1,0.7798,5,1,0,0.41211805555555553,voucher,1,2,telephony,183.0,2.0,3.0,6.0,7.0,GO,0,telephony,GO
f27f6f093a0769b96f8f80a445c9fba6,149.99,15.81,10.54,1,149.99,6.839756944444445,37.49021990740741,0.0,1,0.1824,4,1,0,3.0408101851851854,credit_card,2,1,baby,1450.0,2.0,1.0,2.0,12.0,SP,1,baby,SP
f594e88b628dc49e8a6e46cbd876adbf,49.99,18.23,36.47,1,49.99,8.210451388888888,21.29023148148148,0.0,1,0.3856,5,1,0,1.8670949074074075,credit_card,1,1,health_beauty,200.0,1.0,3.0,1.0,17.0,MG,1,health_beauty,MG
82846f5564de7eef8169027a77a87439,23.9,24.84,103.93,1,23.9,14.857974537037038,40.25774305555556,0.0,1,0.3691,5,1,0,12.59855324074074,credit_card,4,1,health_beauty,175.0,5.0,2.0,3.0,17.0,RN,1,health_beauty,other
e93b87920cdfb4068778a1f4daea6672,19.9,15.1,75.88,1,19.9,11.237824074074075,24.480810185185184,0.0,1,0.459,3,0,0,3.5631944444444446,credit_card,1,1,consoles_games,150.0,4.0,9.0,1.0,12.0,PR,1,other,PR
7cb3c6987d53ecd1706fe2f9d6e3dfcc,50.9,16.8,33.01,1,50.9,10.322280092592592,35.525358796296295,0.0,1,0.2906,4,1,0,2.90849537037037,boleto,1,1,health_beauty,250.0,1.0,11.0,2.0,11.0,BA,1,health_beauty,BA
69159558e4c924590931c78ad49e5866,65.0,15.2,23.38,1,65.0,7.066145833333334,23.212777777777777,0.0,1,0.3044,5,1,0,1.0463541666666667,credit_card,1,1,cool_stuff,200.0,2.0,1.0,2.0,18.0,MG,1,cool_stuff,MG
5aa3d18ff9db96075eba17606fcf9844,118.9,16.59,13.95,1,118.9,11.284583333333334,25.413611111111113,0.0,1,0.444,5,1,0,2.7678356481481483,credit_card,2,1,furniture_decor,1150.0,5.0,2.0,4.0,14.0,MG,1,furniture_decor,MG
d7720484ef3480c716a0c17e1d6102d3,21.99,7.78,35.38,1,21.99,4.217002314814815,19.540532407407408,0.0,1,0.2158,4,1,0,1.9469791666666667,credit_card,2,1,telephony,150.0,1.0,8.0,5.0,11.0,SP,1,telephony,SP
9623ec4ab37232534cb3a90ea0fcd8b9,567.35,71.85,12.66,5,113.47,5.313043981481481,11.54306712962963,0.0,1,0.4603,4,1,0,1.5458449074074074,credit_card,1,1,construction_tools_construction,5250.0,1.0,8.0,3.0,10.0,SP,1,other,SP
d2a5c80fee19389e058d5808f560700a,79.0,13.46,17.04,1,79.0,6.9743865740740745,11.273888888888889,0.0,1,0.6186,2,0,1,0.8945138888888889,boleto,1,1,industry_commerce_and_business,7225.0,2.0,4.0,5.0,17.0,SP,1,other,SP
e8c60c7f5d8c59169d20cac8c2276ef6,340.0,16.9,4.97,2,170.0,5.250104166666667,11.528854166666667,0.0,1,0.4554,5,1,0,0.8649652777777778,credit_card,4,1,auto,70.0,1.0,7.0,4.0,11.0,SP,1,auto,SP
3cbe4dacbf014deb61bf6a4b2b7e24ab,52.0,29.04,55.85,2,26.0,7.795138888888889,33.06033564814815,0.0,1,0.2358,5,1,0,1.6435185185185186,credit_card,5,1,bed_bath_table,500.0,1.0,4.0,2.0,22.0,MG,1,bed_bath_table,MG
77f34ca3e12f5832d6c2119ee5dd4e20,79.0,17.12,21.67,1,79.0,13.889780092592593,30.308518518518518,0.0,1,0.4583,1,0,1,1.7638310185185184,credit_card,4,1,watches_gifts,250.0,3.0,12.0,6.0,16.0,BA,1,watches_gifts,BA
dbdc4135f75da0b24b1c7d11ed424de0,61.8,10.61,17.17,1,61.8,11.693333333333333,27.070324074074072,0.0,1,0.432,5,1,0,3.973611111111111,credit_card,1,1,health_beauty,600.0,1.0,4.0,3.0,22.0,SP,1,health_beauty,SP
150848e4c31cad2bdae9dd49fe8c9910,66.0,27.39,41.5,1,66.0,5.172916666666667,9.37119212962963,0.0,1,0.552,5,1,0,3.572141203703704,credit_card,5,1,auto,2100.0,2.0,5.0,5.0,15.0,SP,1,auto,SP
2e45ea9a067bfd664d3759aa47073e68,129.8,22.12,17.04,2,64.9,3.2509027777777777,33.627303240740744,0.0,1,0.0967,1,0,1,1.1096643518518519,credit_card,4,1,fashion_bags_accessories,200.0,1.0,4.0,5.0,8.0,SP,1,fashion_bags_accessories,SP
383778b1039e1839f9338c59e0c88de9,177.99,17.01,9.56,1,177.99,18.02693287037037,29.35349537037037,0.0,1,0.6141,5,1,0,1.0774189814814814,credit_card,10,1,housewares,950.0,2.0,12.0,0.0,15.0,SP,1,housewares,SP
0d7a6ee9d351c0856e4858cb84f26c3c,99.9,22.0,22.02,1,99.9,7.087268518518519,27.17159722222222,0.0,1,0.2608,3,0,0,2.913125,boleto,1,1,office_furniture,2100.0,6.0,8.0,3.0,19.0,RJ,1,office_furniture,RJ
63fb8a728fc3b74d54323163cca21f62,159.0,43.48,27.35,1,159.0,16.334305555555556,25.478055555555557,0.0,1,0.6411,4,1,0,1.7351851851851852,credit_card,1,1,home_appliances_2,7300.0,3.0,7.0,6.0,12.0,RJ,1,other,RJ
1b739a79a37d8b630ce7106287e4443a,88.89,15.37,17.29,1,88.89,15.433518518518518,21.59803240740741,0.0,1,0.7146,2,0,1,4.7583217592592595,boleto,1,1,computers_accessories,200.0,1.0,2.0,2.0,9.0,PR,1,computers_accessories,PR
5dda09ed137461608be539348c1dac39,74.9,12.65,16.89,1,74.9,20.0490625,33.365833333333335,0.0,1,0.6009,5,1,0,0.8555671296296297,credit_card,2,1,computers_accessories,180.0,1.0,2.0,6.0,15.0,SP,0,computers_accessories,SP
a96888bea5fba629cd0a753d8b0e952f,45.9,15.1,32.9,1,45.9,8.896574074074074,27.02488425925926,0.0,1,0.3292,5,1,0,1.0193171296296297,credit_card,2,1,auto,400.0,1.0,9.0,2.0,23.0,RJ,1,auto,RJ
d05013504cc471a973af3e91dc6b52fe,78.0,30.46,39.05,2,39.0,6.8534375,30.234479166666667,0.0,1,0.2267,5,1,0,1.5358796296296295,credit_card,8,1,watches_gifts,250.0,3.0,3.0,2.0,18.0,RJ,1,watches_gifts,RJ
3f1a25a478961e0e1a1e777026236dc8,20.0,8.29,41.45,1,20.0,6.211215277777778,20.253969907407406,0.0,1,0.3067,5,1,0,1.4169097222222222,boleto,1,1,electronics,100.0,1.0,4.0,4.0,17.0,SP,1,electronics,SP
8e9ff46f69f83e3ef4bc038e32bf034a,250.0,50.49,20.2,1,250.0,20.34306712962963,23.660740740740742,0.0,1,0.8598,5,1,0,3.0641550925925927,credit_card,6,1,construction_tools_lights,12000.0,1.0,11.0,5.0,8.0,DF,1,other,DF
82c173abf4679049bd8628bfe89a9f2c,93.99,15.42,16.41,1,93.99,11.174814814814814,23.57238425925926,0.0,1,0.4741,4,1,0,0.8171296296296297,boleto,1,1,small_appliances,800.0,2.0,8.0,5.0,10.0,RJ,0,other,RJ
70b1d1315126a55fc0a512e2dd2e2839,79.0,14.72,18.63,1,79.0,14.136909722222223,20.60644675925926,0.0,1,0.686,5,1,0,1.452337962962963,credit_card,1,1,computers_accessories,200.0,1.0,4.0,2.0,9.0,SP,1,computers_accessories,SP
f3f24aa0886318f0b6da390782728ec0,44.989999999999995,24.96,55.48,2,22.494999999999997,2.913032407407407,15.583969907407408,0.0,1,0.1869,5,1,0,1.2059606481481482,credit_card,4,1,baby,300.0,2.0,5.0,1.0,9.0,RS,1,baby,RS
48cdf71f50344481f89ec66e65b78cf7,235.8,25.66,10.88,2,117.9,10.441539351851851,21.60525462962963,0.0,1,0.4833,1,0,1,1.460960648148148,credit_card,8,1,perfumery,400.0,1.0,2.0,0.0,9.0,RJ,1,perfumery,RJ
a45db9d0a5dcfbf97517132c9d7fe232,159.98,55.56,34.73,1,159.98,12.32974537037037,34.463125,0.0,1,0.3578,4,1,0,1.3508912037037037,credit_card,3,1,office_furniture,14600.0,1.0,7.0,4.0,12.0,BA,1,office_furniture,BA
fcb8d2097cb450f410aa107f9ccb3566,29.99,14.1,47.02,1,29.99,15.009456018518518,25.08443287037037,0.0,1,0.5984,5,1,0,1.5989699074074073,credit_card,1,1,telephony,300.0,4.0,2.0,0.0,21.0,PR,1,telephony,PR
d1a64294000082843a91270d5a5d571a,73.5,26.759999999999998,36.41,3,24.5,3.8238541666666666,8.31943287037037,0.0,1,0.4596,5,1,0,1.5517939814814814,boleto,1,1,health_beauty,750.0,2.0,8.0,2.0,16.0,SP,1,health_beauty,SP
4b1f2de38e33c413f405ac4cb8c0d80c,23.9,15.1,63.18,1,23.9,8.958229166666667,27.091180555555557,0.0,1,0.3307,5,1,0,6.959780092592593,credit_card,3,1,housewares,200.0,4.0,1.0,1.0,21.0,SC,1,housewares,SC
16b64b40a1fed81b2e9cd0e9b58bb2ee,79.9,17.81,22.29,1,79.9,46.70482638888889,25.98349537037037,497.31194444444446,0,1.7975,1,0,1,12.692824074074075,credit_card,4,1,bed_bath_table,1400.0,6.0,11.0,6.0,0.0,GO,1,bed_bath_table,GO
75f10d367d71792019a62ff732525d5c,48.0,8.88,18.5,1,48.0,2.4985300925925924,14.60082175925926,0.0,1,0.1711,5,1,0,1.102962962962963,credit_card,2,1,garden_tools,800.0,6.0,4.0,3.0,9.0,SP,1,garden_tools,SP
43734d19d5020ac27e729611d83dff53,219.9,22.34,10.16,1,219.9,19.060266203703705,35.37800925925926,0.0,1,0.5388,5,1,0,3.126226851851852,credit_card,10,1,perfumery,500.0,1.0,5.0,3.0,14.0,MA,1,perfumery,MA
20badbb5868646fff1b2006fd7b086b4,184.99,13.63,7.37,1,184.99,10.464456018518518,13.438981481481482,0.0,1,0.7787,5,1,0,2.4379282407407405,credit_card,8,1,health_beauty,538.0,5.0,10.0,5.0,13.0,SP,1,health_beauty,SP
82ae6166d6590f3144f98840587e7ed6,79.9,23.14,28.96,1,79.9,18.717488425925925,35.62940972222222,0.0,1,0.5253,3,0,0,2.7857986111111113,credit_card,2,1,baby,8500.0,2.0,4.0,1.0,8.0,RJ,1,baby,RJ
ef0d6b4370be581cc86e7c5f4dfaa608,100.0,34.5,34.5,1,100.0,21.395578703703702,27.528287037037035,0.0,1,0.7772,5,1,0,3.624814814814815,credit_card,2,1,air_conditioning,200.0,1.0,11.0,4.0,11.0,PI,1,other,other
a2e110835dee0c376cfa6eeab6028c78,21.1,12.69,60.14,1,21.1,6.09287037037037,24.378877314814815,0.0,1,0.2499,5,1,0,1.456550925925926,credit_card,1,1,unknown,1400.0,0.0,1.0,4.0,14.0,SP,1,unknown,SP
5b1dfafc1f90425a6c2d12e1c1cfdd3d,29.9,17.6,58.86,1,29.9,10.092835648148148,28.257337962962964,0.0,1,0.3572,5,1,0,3.4639467592592594,credit_card,4,1,sports_leisure,2600.0,2.0,1.0,0.0,17.0,PR,1,sports_leisure,PR
9350983a7a49da2908eb02c9e685b455,24.9,10.96,44.02,1,24.9,8.03068287037037,17.454224537037035,0.0,1,0.4601,5,1,0,1.485150462962963,credit_card,3,1,housewares,350.0,1.0,3.0,0.0,13.0,SP,1,housewares,SP
7b0bf5b484f4bf4669e858ace1d451eb,205.0,15.04,7.34,1,205.0,7.121296296296296,15.45744212962963,0.0,1,0.4607,4,1,0,3.520983796296296,credit_card,8,1,bed_bath_table,9750.0,5.0,7.0,0.0,13.0,SP,1,bed_bath_table,SP
541c5e3d9bf6c9174523c91b6593ff48,47.49,12.69,26.72,1,47.49,14.2971875,20.57840277777778,0.0,1,0.6948,5,1,0,3.56462962962963,boleto,1,1,drinks,175.0,3.0,1.0,3.0,10.0,SP,1,other,SP
630d405d49ee8c61534aaf26bdecf841,299.0,13.11,4.38,1,299.0,1.9637731481481482,4.229907407407407,0.0,1,0.4643,5,1,0,23.708171296296296,credit_card,5,1,music,1850.0,5.0,8.0,3.0,18.0,SP,1,other,SP
ef7fdcd305142ba51da24aeae2155b4b,69.9,23.36,33.42,1,69.9,14.840277777777779,24.08128472222222,0.0,1,0.6163,5,1,0,0.9209490740740741,credit_card,1,1,computers_accessories,2550.0,3.0,10.0,1.0,22.0,BA,1,computers_accessories,BA
64236f75547fa285c81d0fd448464ae8,47.21,15.1,31.98,1,47.21,11.800960648148148,25.065555555555555,0.0,1,0.4708,5,1,0,6.882175925925926,credit_card,3,1,health_beauty,1110.0,1.0,2.0,3.0,22.0,PR,1,health_beauty,PR
a0abd26659c9914690cbd3320d39fd96,193.0,39.19,20.31,1,193.0,6.803460648148148,24.41435185185185,0.0,1,0.2787,5,1,0,1.0180208333333334,credit_card,10,1,la_cuisine,8800.0,1.0,5.0,6.0,14.0,RS,0,other,RS
2d348df48232a856b5636d7951694081,59.9,20.91,34.91,1,59.9,13.155694444444444,21.57601851851852,0.0,1,0.6097,5,1,0,2.8333333333333335,boleto,1,1,sports_leisure,5850.0,4.0,9.0,1.0,10.0,MS,1,sports_leisure,other
d0107bdcf3011c33ad724f5ca0f7a91e,42.9,9.27,21.61,1,42.9,5.893310185185185,11.044467592592593,0.0,1,0.5336,4,1,0,70.05766203703703,credit_card,1,1,signaling_and_security,290.0,3.0,9.0,3.0,22.0,SP,1,other,SP
baa692fd284fb31f63a6043aad620e1a,109.9,12.9,11.74,1,109.9,24.13596064814815,24.04810185185185,2.108611111111111,0,1.0037,5,1,0,2.940335648148148,credit_card,3,1,computers_accessories,180.0,1.0,12.0,1.0,22.0,PR,1,computers_accessories,PR
6e3a167b6908386aaff774280e6eb1cb,45.95,7.58,16.5,1,45.95,2.1604050925925926,7.397488425925926,0.0,1,0.292,5,1,0,1.057800925925926,boleto,1,1,telephony,250.0,2.0,7.0,1.0,14.0,SP,1,telephony,SP
a7c9c26daf4a6a9e2c5eadc4ac023fd1,639.96,75.32,11.77,4,159.99,6.088136574074074,18.525462962962962,0.0,1,0.3286,5,1,0,1.4299305555555557,credit_card,10,1,office_furniture,7300.0,1.0,9.0,4.0,11.0,SP,1,office_furniture,SP
d4fda150c67fa99a9927ca5fe66dc310,471.8,81.46,17.27,2,235.9,8.923402777777778,26.200046296296296,0.0,1,0.3406,5,1,0,2.495185185185185,voucher,1,4,pet_shop,18400.0,1.0,6.0,3.0,19.0,SP,1,pet_shop,SP
28a13c399d434c2c6d3ff1414d22b36b,33.49,7.97,23.8,1,33.49,3.9276851851851853,17.31341435185185,0.0,1,0.2269,5,1,0,2.6941782407407406,credit_card,1,1,drinks,150.0,1.0,6.0,5.0,16.0,SP,1,other,SP
d9aaa8544dd466a3623226d67b722880,325.0,17.02,5.24,1,325.0,13.302002314814814,22.576875,0.0,1,0.5892,4,1,0,1.5001273148148149,credit_card,7,1,health_beauty,400.0,6.0,11.0,3.0,10.0,MG,1,health_beauty,MG
a162a5466fc1fd5b47439ca676db9a88,124.9,37.78,30.25,1,124.9,10.046481481481482,35.34527777777778,0.0,1,0.2842,5,1,0,2.840590277777778,credit_card,1,1,computers_accessories,200.0,1.0,6.0,2.0,15.0,DF,1,computers_accessories,DF
22805a5f04b5eb6ff36c0ecc0bc49498,57.9,17.99,31.07,1,57.9,43.15758101851852,16.378333333333334,500.0,0,2.635,2,0,1,1.4955208333333334,boleto,1,1,housewares,1350.0,1.0,3.0,1.0,14.0,RJ,1,housewares,RJ
e016365b624d1755f3e2d0e8f1631ebb,72.9,25.79,35.38,1,72.9,18.006597222222222,48.39351851851852,0.0,1,0.3721,5,1,0,3.4678009259259257,credit_card,9,1,bed_bath_table,900.0,1.0,5.0,1.0,14.0,PA,0,bed_bath_table,PA
364cb4f2a41aa84eb36090a25f26060c,79.9,7.81,9.77,1,79.9,2.9169560185185186,12.38744212962963,0.0,1,0.2355,5,1,0,1.512199074074074,credit_card,1,1,baby,400.0,2.0,5.0,6.0,14.0,SP,1,baby,SP
fa7742512a1082c1223e467a3f038b41,79.0,14.31,18.11,1,79.0,7.992546296296296,21.281111111111112,0.0,1,0.3756,5,1,0,3.8421412037037035,credit_card,1,1,fashion_bags_accessories,150.0,1.0,3.0,3.0,17.0,MG,1,fashion_bags_accessories,MG
94819dfaf894533d1106264e5b378a00,775.0,23.53,3.04,1,775.0,3.0928703703703704,16.1840625,0.0,1,0.1911,5,1,0,3.1161689814814815,credit_card,10,1,health_beauty,250.0,1.0,7.0,2.0,19.0,SP,1,health_beauty,SP
31aa2034dc4b34b06487e22a53b4a07a,150.0,34.85,23.23,1,150.0,20.858402777777776,28.97212962962963,0.0,1,0.7199,5,1,0,1.0233101851851851,credit_card,2,1,health_beauty,125.0,2.0,9.0,4.0,0.0,RN,0,health_beauty,other
b316e256ce45161d3ab81f74834376e8,119.9,13.18,10.99,1,119.9,4.021122685185185,21.532372685185184,0.0,1,0.1867,5,1,0,3.588553240740741,credit_card,2,1,fashion_bags_accessories,800.0,4.0,5.0,0.0,11.0,SP,0,fashion_bags_accessories,SP
6505382a6c43c538aba29d966f31e175,22.5,11.74,52.18,1,22.5,3.8366782407407407,25.090983796296296,0.0,1,0.1529,5,1,0,3.990324074074074,credit_card,1,1,sports_leisure,400.0,1.0,2.0,0.0,21.0,SP,1,sports_leisure,SP
7ced6742dc95b5fc7c0914eb2bd6a76a,205.0,15.04,7.34,1,205.0,3.6497106481481483,13.182060185185184,0.0,1,0.2769,5,1,0,1.0230324074074073,credit_card,10,1,bed_bath_table,3300.0,5.0,6.0,5.0,19.0,SP,1,bed_bath_table,SP
005f6fa02633470267dcd1e3ecd0fa79,199.99,72.05,36.03,1,199.99,5.059895833333333,25.473368055555557,0.0,1,0.1986,5,1,0,0.766238425925926,credit_card,4,1,furniture_decor,8500.0,1.0,7.0,5.0,12.0,SP,1,furniture_decor,SP
3a25d96d18de69b1f8e5b49ba4b5d05e,77.9,9.3,11.94,1,77.9,6.350543981481482,9.481643518518519,0.0,1,0.6698,1,0,1,1.5632291666666667,credit_card,3,1,small_appliances,750.0,1.0,7.0,2.0,12.0,SP,1,other,SP
f5249264629739684c1701c31078587e,109.9,40.1,36.49,1,109.9,7.130775462962963,25.246122685185185,0.0,1,0.2825,5,1,0,1.0014814814814814,credit_card,1,1,electronics,5200.0,3.0,1.0,4.0,18.0,MG,1,electronics,MG
191390f8192144a1bd3954db5ec5e22f,178.0,15.0,8.43,1,178.0,2.488148148148148,22.14545138888889,0.0,1,0.1124,5,1,0,1.0184953703703703,credit_card,10,1,watches_gifts,500.0,4.0,5.0,1.0,20.0,SP,1,watches_gifts,SP
b1c885eefe54ec56820890b019e0540d,79.99,16.81,21.02,1,79.99,9.015300925925926,21.240300925925926,0.0,1,0.4244,2,0,1,1.0121064814814815,boleto,1,1,computers_accessories,2500.0,7.0,7.0,1.0,18.0,RJ,1,computers_accessories,RJ
d6899f280d9ddca47bebaa7f4d3d1c53,176.99,43.44,24.54,1,176.99,12.876469907407408,16.012847222222224,0.0,1,0.8041,5,1,0,1.0224768518518519,boleto,1,1,office_furniture,12500.0,1.0,9.0,2.0,23.0,RJ,1,office_furniture,RJ
b1e4ccc7e30b0cc3829045cd68406769,19.9,10.96,55.08,1,19.9,9.70431712962963,19.146087962962962,0.0,1,0.5069,4,1,0,1.130775462962963,boleto,1,1,perfumery,300.0,6.0,4.0,6.0,20.0,SP,1,perfumery,SP
2b3b43f6d34ecb8df72b02c26154a51c,79.9,13.28,16.62,1,79.9,7.96931712962963,23.29978009259259,0.0,1,0.342,5,1,0,1.6095717592592593,credit_card,1,1,toys,600.0,10.0,5.0,5.0,16.0,MG,1,toys,MG
38483398ed917c9afa42cd950640f07a,120.9,28.83,23.85,1,120.9,5.887453703703704,19.00195601851852,0.0,1,0.3098,5,1,0,0.6438773148148148,credit_card,14,1,toys,7050.0,5.0,11.0,4.0,23.0,RS,1,toys,RS
150a2fc71a1324ebdf6b8ba3b8a2f884,327.0,25.049999999999997,7.66,3,109.0,2.7772800925925925,12.254502314814815,0.0,1,0.2266,1,0,1,0.7317824074074074,credit_card,4,1,computers_accessories,484.0,3.0,11.0,4.0,17.0,SP,1,computers_accessories,SP
5f320e7c84da424e070bad73f40a50dc,126.99,27.19,21.41,1,126.99,10.211145833333333,16.286574074074075,0.0,1,0.627,5,1,0,1.8516435185185185,boleto,1,1,housewares,2100.0,4.0,7.0,1.0,17.0,MG,1,housewares,MG
e7ceb5e15c42737c00925a715525dc67,34.3,8.11,23.64,1,34.3,15.074930555555556,13.113333333333333,47.07833333333333,0,1.1496,4,1,0,1.4337384259259258,boleto,1,1,fashion_bags_accessories,250.0,1.0,11.0,1.0,21.0,SP,0,fashion_bags_accessories,SP
5cfbd87de268dd512255660260034a25,46.66,16.54,35.45,2,23.33,3.4182638888888888,13.53994212962963,0.0,1,0.2525,1,0,1,1.4786226851851851,credit_card,1,1,sports_leisure,233.0,1.0,2.0,5.0,11.0,SP,1,sports_leisure,SP
b798cb2554106132d4d0182b9f4dd915,50.0,37.9,75.8,1,50.0,19.27315972222222,40.597430555555555,0.0,1,0.4747,5,1,0,1.4402777777777778,credit_card,8,1,baby,6600.0,5.0,6.0,3.0,9.0,PB,1,baby,other
5194eaa04f2286e9661511c7464a6d77,119.9,15.59,13.0,1,119.9,30.810300925925926,21.006481481481483,235.29166666666666,0,1.4667,3,0,0,0.4180902777777778,credit_card,3,1,health_beauty,350.0,1.0,3.0,0.0,23.0,MG,1,health_beauty,MG
5c916abe6d4526b2e978a603912e4c34,159.0,61.17,38.47,1,159.0,25.151412037037037,31.351006944444446,0.0,1,0.8023,4,1,0,1.024212962962963,credit_card,2,1,cool_stuff,1900.0,1.0,4.0,6.0,15.0,PB,1,cool_stuff,other
f2c08b92fc8f8634e72f8cc74f06a8f4,199.9,19.28,9.64,1,199.9,29.63337962962963,24.234247685185185,129.57916666666668,0,1.2228,1,0,1,0.4397337962962963,credit_card,8,1,watches_gifts,300.0,2.0,3.0,4.0,18.0,SC,1,watches_gifts,SC
b53eb0ca1885d1a7c9c59c524227999a,119.4,30.34,25.41,2,59.7,14.870474537037037,24.30877314814815,0.0,1,0.6117,5,1,0,0.7123958333333333,credit_card,4,1,health_beauty,650.0,1.0,2.0,5.0,16.0,MG,1,health_beauty,MG
cfa752ffac3f5e1047eca5e002e81f8d,129.99,18.16,13.97,1,129.99,13.84755787037037,21.088483796296295,0.0,1,0.6566,5,1,0,1.0745023148148147,credit_card,6,1,cool_stuff,1600.0,1.0,6.0,4.0,21.0,PR,1,cool_stuff,PR
c8c9de3d1ba2427a094e1b59ea3f8b09,75.0,21.02,28.03,1,75.0,17.936516203703704,24.177905092592592,0.0,1,0.7419,3,0,0,1.0153935185185186,credit_card,3,1,furniture_decor,2600.0,6.0,11.0,5.0,19.0,MG,1,furniture_decor,MG
8a03c2f7629a4a8a6ab40525b7179ff2,74.9,16.96,22.64,1,74.9,42.27835648148148,22.36787037037037,477.8516666666667,0,1.8901,1,0,1,2.462361111111111,boleto,1,1,computers_accessories,180.0,1.0,2.0,2.0,15.0,RJ,1,computers_accessories,RJ
a36f26e7a79e1b01432f1fa26fce9f02,179.8,30.76,17.11,2,89.9,6.9795949074074075,28.244212962962962,0.0,1,0.2471,5,1,0,4.750335648148148,credit_card,4,1,perfumery,83.0,2.0,1.0,3.0,18.0,DF,1,perfumery,DF
6424d0ae78f810be9b0eb3c08b8839d2,39.5,7.87,19.92,1,39.5,7.622800925925926,13.101296296296296,0.0,1,0.5818,5,1,0,0.9263425925925926,boleto,1,1,garden_tools,1129.0,2.0,4.0,4.0,21.0,SP,1,garden_tools,SP
b2b77fb8cda1a91493aee2fdbbf3a4d6,149.9,15.28,10.19,1,149.9,5.368900462962963,17.48181712962963,0.0,1,0.3071,5,1,0,4.968912037037037,credit_card,2,1,computers_accessories,533.0,1.0,5.0,6.0,12.0,PE,1,computers_accessories,PE
aac29d117aa9fe4810db795aa5d6f292,189.99,26.61,14.01,1,189.99,12.577673611111111,32.009675925925926,0.0,1,0.3929,5,1,0,3.0225347222222223,credit_card,1,1,auto,200.0,5.0,6.0,6.0,23.0,RS,1,auto,RS
13c1818938b618d8ed50b46bfb3efddb,49.99,15.56,31.13,1,49.99,12.994155092592592,25.268483796296298,0.0,1,0.5142,1,0,1,1.0834722222222222,credit_card,3,1,health_beauty,567.0,1.0,3.0,5.0,17.0,SP,1,health_beauty,SP
e8b2533790b9d61da60decb8acfeebd4,86.9,53.16,61.17,1,86.9,33.254502314814815,29.433900462962963,91.69444444444444,0,1.1298,1,0,1,1.559976851851852,credit_card,10,1,home_confort,1825.0,1.0,3.0,6.0,13.0,PB,1,other,other
4d1035437d12863c3affb415501928fa,589.0,26.44,4.49,1,589.0,18.092407407407407,30.46980324074074,0.0,1,0.5938,5,1,0,0.7492708333333333,boleto,1,1,computers_accessories,200.0,1.0,1.0,6.0,12.0,PI,1,computers_accessories,other
91a7b48057f6fbf9a4902ee9f3bcbb02,239.98,36.54,15.23,2,119.99,9.49537037037037,35.055590277777775,0.0,1,0.2709,5,1,0,0.9907754629629629,boleto,1,1,telephony,600.0,1.0,3.0,1.0,22.0,RJ,1,telephony,RJ
b75a691fc54375af8f7476d2008a5201,92.5,34.19,36.96,1,92.5,6.417962962962963,22.532881944444444,0.0,1,0.2848,4,1,0,1.6061805555555555,credit_card,1,1,construction_tools_construction,4400.0,5.0,4.0,2.0,11.0,MG,1,other,MG
38963cccac7ddbf4819da22bdd569be7,150.0,18.3,12.2,1,150.0,9.126018518518519,25.518425925925925,0.0,1,0.3576,4,1,0,2.949965277777778,credit_card,3,1,housewares,1350.0,10.0,11.0,0.0,11.0,SC,1,housewares,SC
ebfc820e315239c05c86dc16a39ead96,59.99,16.18,26.97,1,59.99,11.950613425925926,19.296354166666667,0.0,1,0.6193,2,0,1,1.1211805555555556,credit_card,5,1,baby,800.0,10.0,5.0,4.0,16.0,MG,1,baby,MG
8438f60526ce652b4310c9a860b9c218,27.99,17.13,61.2,1,27.99,12.532476851851852,28.611261574074074,0.0,1,0.438,4,1,0,1.4927199074074073,credit_card,1,1,telephony,350.0,6.0,8.0,4.0,9.0,BA,1,telephony,BA
5443a969e8af57d9ad98e609c8c97751,379.9,15.56,4.1,1,379.9,6.858020833333334,16.199293981481482,0.0,1,0.4234,5,1,0,0.7768402777777778,credit_card,10,1,sports_leisure,800.0,4.0,10.0,2.0,19.0,SP,1,sports_leisure,SP
096cf3c64ccb070286aaaf4de08f866d,24.9,18.27,73.37,1,24.9,12.127106481481482,24.389872685185185,0.0,1,0.4972,4,1,0,1.4599537037037038,boleto,1,1,pet_shop,500.0,1.0,7.0,5.0,14.0,SC,1,pet_shop,SC
1dabe12f619362d9a7f857bbe08e813d,149.9,15.8,10.54,1,149.9,35.1880787037037,26.33996527777778,212.35472222222222,0,1.3359,1,0,1,0.6270138888888889,boleto,1,1,computers_accessories,200.0,1.0,2.0,2.0,15.0,SP,1,computers_accessories,SP
bd37d10824f0024e6926f9c2040d295f,135.0,18.2,13.48,1,135.0,21.924224537037038,24.19015046296296,0.0,1,0.9063,4,1,0,2.9376273148148146,credit_card,2,1,sports_leisure,1600.0,1.0,2.0,0.0,19.0,RJ,1,sports_leisure,RJ
0ed2b5143a4e6b6f135c5d36db0247f4,45.0,29.28,65.07,1,45.0,19.811539351851852,33.37129629629629,0.0,1,0.5937,5,1,0,0.9166550925925926,credit_card,1,1,small_appliances,650.0,1.0,3.0,2.0,15.0,CE,1,other,CE
155d36ad6e053a2284c5f7e2db94795b,229.98,35.48,15.43,2,114.99,14.169398148148147,22.108032407407407,0.0,1,0.6409,5,1,0,0.9056597222222222,credit_card,1,1,pet_shop,150.0,1.0,7.0,3.0,21.0,GO,1,pet_shop,GO
f606b0b8bf72286165118a734858718d,59.49,11.92,20.04,1,59.49,6.885023148148148,21.105300925925928,0.0,1,0.3262,5,1,0,2.553773148148148,credit_card,7,1,furniture_decor,1700.0,4.0,10.0,2.0,21.0,SP,1,furniture_decor,SP
fb90c6ed3ad0feb20e87265e1c70311d,45.0,14.1,31.33,1,45.0,9.070972222222222,21.322731481481483,0.0,1,0.4254,5,1,0,4.469108796296296,credit_card,5,1,watches_gifts,250.0,4.0,6.0,1.0,16.0,MG,1,watches_gifts,MG
6f5b8bc0cffa64578cf4994354dc2aaa,139.0,9.72,6.99,1,139.0,2.068020833333333,6.126712962962963,0.0,1,0.3375,5,1,0,1.6612268518518518,credit_card,3,1,pet_shop,700.0,3.0,8.0,2.0,20.0,SP,1,pet_shop,SP
906d6d721c7f2d70fcd6fb996ad42919,238.0,16.42,6.9,1,238.0,6.467488425925926,30.61486111111111,0.0,1,0.2113,5,1,0,1.3609259259259259,credit_card,5,1,watches_gifts,250.0,3.0,12.0,5.0,9.0,PR,1,watches_gifts,PR
14d4fa58bd8da90213b6153a3ab51bcd,18.9,16.79,88.84,1,18.9,22.945405092592594,27.365856481481483,0.0,1,0.8385,3,0,0,0.8957986111111111,boleto,1,1,electronics,200.0,2.0,2.0,1.0,15.0,BA,1,electronics,BA
dcfc9c44bf4471c67137fac8b54bce59,110.0,20.26,18.42,1,110.0,6.175798611111111,23.30523148148148,0.0,1,0.265,5,1,0,1.240034722222222,credit_card,2,1,pet_shop,2200.0,8.0,8.0,5.0,16.0,RJ,1,pet_shop,RJ
83f7b04d3399b939076a8cc0572b4000,26.99,10.96,40.61,1,26.99,3.544722222222222,35.06273148148148,0.0,1,0.1011,5,1,0,3.0800925925925924,credit_card,3,1,computers_accessories,200.0,3.0,1.0,1.0,22.0,SP,1,computers_accessories,SP
9c4f1bfd69071a5c8a169fb02a47d4aa,16.9,10.96,64.85,1,16.9,15.536851851851852,35.28325231481482,0.0,1,0.4403,1,0,1,2.653125,credit_card,2,1,computers_accessories,153.0,2.0,2.0,3.0,17.0,SP,1,computers_accessories,SP
ffa4816b72b79e712d015c0a3640716d,91.8,25.38,27.65,2,45.9,12.833969907407408,24.237546296296298,0.0,1,0.5295,4,1,0,0.7281481481481481,credit_card,4,1,bed_bath_table,800.0,5.0,1.0,4.0,18.0,SP,1,bed_bath_table,SP
ef58367f6474f46b8188c8635a31d18a,118.0,13.27,11.25,1,118.0,32.802511574074074,17.422858796296296,369.1116666666667,0,1.8827,1,0,1,0.7414814814814815,boleto,1,1,watches_gifts,444.0,3.0,5.0,1.0,13.0,SP,1,watches_gifts,SP
7a7fd0079f196ce205b0af2e3170f5fe,102.9,18.82,18.29,1,102.9,10.641296296296296,30.990069444444444,0.0,1,0.3434,4,1,0,1.9158680555555556,credit_card,3,1,watches_gifts,314.0,1.0,6.0,5.0,0.0,MG,1,watches_gifts,MG
345657b88489fbe4e0872e7ace9140e7,51.9,16.12,31.06,1,51.9,6.855625,21.05207175925926,0.0,1,0.3257,4,1,0,1.575775462962963,credit_card,1,1,furniture_decor,600.0,4.0,8.0,1.0,22.0,PR,1,furniture_decor,PR
c0f92054b870a4077638e6f155101184,49.9,14.1,28.26,1,49.9,27.24216435185185,25.22483796296296,48.41583333333333,0,1.08,4,1,0,1.5942013888888888,credit_card,1,1,housewares,400.0,3.0,11.0,4.0,18.0,SP,1,housewares,SP
f15368fc82146080a85b803b47e6a131,84.0,12.72,15.14,1,84.0,24.083125,30.34087962962963,0.0,1,0.7938,1,0,1,1.151701388888889,credit_card,1,1,computers_accessories,180.0,1.0,2.0,5.0,15.0,SP,1,computers_accessories,SP
848d20e37c7bb9152bbcca32a52cc0d7,72.0,19.74,27.42,1,72.0,21.033101851851853,23.033668981481483,0.0,1,0.9131,4,1,0,1.838912037037037,credit_card,4,1,consoles_games,950.0,7.0,11.0,1.0,23.0,RS,1,other,RS
c354f08361ad9d18caf26cda53bc8e53,94.9,18.76,19.77,1,94.9,8.209143518518518,24.429594907407406,0.0,1,0.336,5,1,0,0.6652662037037037,credit_card,1,1,cool_stuff,198.0,4.0,7.0,1.0,13.0,PR,1,cool_stuff,PR
24b19fe386f44bcce3e0d40c1eb20a7f,13.65,15.1,110.62,1,13.65,11.82724537037037,25.147569444444443,0.0,1,0.4703,3,0,0,0.8432638888888889,credit_card,1,1,electronics,200.0,1.0,1.0,0.0,20.0,PR,1,electronics,PR
c55821f6a2a59a93d4cde13a2ec14661,74.25,53.760000000000005,72.4,3,24.75,20.15939814814815,32.45091435185185,0.0,1,0.6212,3,0,0,0.0,credit_card,10,1,furniture_decor,700.0,2.0,8.0,3.0,13.0,MT,0,furniture_decor,MT
63e3d5d3f6fb3f781291e3a3e1055658,25.7,18.89,73.5,1,25.7,27.025046296296296,41.36355324074074,0.0,1,0.6534,5,1,0,2.892210648148148,credit_card,1,1,housewares,7150.0,1.0,1.0,5.0,15.0,PE,1,housewares,PE
400e73e6c1b24742691e9d13bb84aa03,27.99,12.79,45.69,1,27.99,9.65880787037037,22.066631944444445,0.0,1,0.4377,3,0,0,0.8622106481481482,credit_card,4,1,telephony,300.0,5.0,4.0,6.0,22.0,SP,1,telephony,SP
ede8003b97c343793f5b19e2bf00bf5a,99.9,0.0,0.0,1,99.9,8.803900462962963,21.049050925925926,0.0,1,0.4183,5,1,0,2.9908912037037036,credit_card,2,1,watches_gifts,584.0,3.0,5.0,2.0,22.0,SP,1,watches_gifts,SP
7a64d174924331e54da147831ac056bf,64.99,27.74,42.68,1,64.99,27.234189814814815,38.486423611111114,0.0,1,0.7076,4,1,0,4.611504629629629,credit_card,1,1,health_beauty,400.0,1.0,7.0,4.0,12.0,RJ,1,health_beauty,RJ
13b3c7d850981cbd04c2f1aa8a85bf4d,29.99,15.1,50.35,1,29.99,11.509097222222222,26.621666666666666,0.0,1,0.4323,5,1,0,1.0105902777777778,boleto,1,1,health_beauty,425.0,4.0,10.0,4.0,9.0,MS,1,health_beauty,other
ee1b5488e7e5141b4c02181185f1e080,990.0,25.55,2.2,1,1159.0,18.266122685185184,32.47876157407408,0.0,1,0.5624,5,1,0,0.9644675925925926,boleto,1,1,unknown,700.0,0.0,6.0,4.0,12.0,RJ,1,unknown,RJ
78fd1cb92103a044bc417c13050b4673,149.9,21.1,14.08,1,149.9,8.266875,24.499606481481482,0.0,1,0.3374,5,1,0,3.605,credit_card,10,1,computers_accessories,533.0,1.0,3.0,4.0,12.0,MA,1,computers_accessories,MA
5295210efec13449be10b795a6546aef,200.0,48.84,24.42,1,200.0,15.708599537037037,36.1946412037037,0.0,1,0.434,5,1,0,1.1040046296296295,credit_card,5,1,bed_bath_table,9750.0,5.0,8.0,2.0,19.0,MA,1,bed_bath_table,MA
36444531764d5aa765254bef0b4ab722,74.9,15.27,20.39,1,74.9,15.396840277777779,33.37921296296296,0.0,1,0.4613,5,1,0,1.8810416666666667,credit_card,1,1,computers_accessories,180.0,1.0,2.0,3.0,14.0,RS,1,computers_accessories,RS
d2668f07dbe21a92c87ffd259e6abb55,44.6,16.05,35.99,1,44.6,9.032523148148147,32.49648148148148,0.0,1,0.278,5,1,0,1.958414351851852,credit_card,1,1,sports_leisure,275.0,3.0,2.0,3.0,12.0,ES,1,sports_leisure,ES
83310fe98ee56bbaf1cda2332d53dfa2,132.8,27.01,20.34,1,132.8,18.529386574074074,21.613738425925927,0.0,1,0.8573,4,1,0,1.4839351851851852,credit_card,8,1,sports_leisure,2450.0,1.0,5.0,4.0,9.0,MG,1,sports_leisure,MG
f9e6cc68a7ec921e4c357710d6f19a57,47.4,28.2,59.49,2,23.7,23.264664351851852,19.284050925925925,95.53472222222223,0,1.2064,5,1,0,3.0943171296296295,credit_card,1,1,electronics,150.0,1.0,2.0,6.0,17.0,RJ,1,electronics,RJ
1bcbeccb2851888f299cf9a5dba8553d,178.99,13.69,7.65,1,178.99,9.850648148148148,23.10568287037037,0.0,1,0.4263,5,1,0,1.0339930555555557,credit_card,5,1,watches_gifts,292.0,2.0,6.0,0.0,21.0,SP,0,watches_gifts,SP
5bc646e9492942aa725129989089eb51,42.0,11.73,27.93,1,42.0,7.1262384259259255,19.220150462962962,0.0,1,0.3708,5,1,0,3.002835648148148,credit_card,2,1,housewares,1300.0,1.0,10.0,4.0,18.0,SP,1,housewares,SP
acc374bd9024806a83121b1d2565db2f,115.0,15.56,13.53,1,115.0,12.741111111111111,21.172685185185184,0.0,1,0.6018,4,1,0,0.9632060185185185,boleto,1,1,books_general_interest,450.0,1.0,6.0,4.0,19.0,RS,0,other,RS
a3a984545d6c5e37fa027c5e5d05cb8c,43.0,18.4,42.79,1,43.0,9.073576388888888,28.25943287037037,0.0,1,0.3211,4,1,0,1.0792708333333334,credit_card,3,1,sports_leisure,150.0,1.0,6.0,3.0,17.0,MS,1,sports_leisure,other
10e17c3ae093179bfd1c131eb20d80b9,129.49,14.66,11.32,1,129.49,9.153715277777778,23.14474537037037,0.0,1,0.3955,5,1,0,0.3776157407407407,credit_card,3,1,health_beauty,200.0,1.0,1.0,1.0,20.0,PR,1,health_beauty,PR
f8a45ea781e72553d785afcdc0660c91,69.9,16.25,23.25,1,69.9,14.26173611111111,19.395520833333332,0.0,1,0.7353,5,1,0,3.499537037037037,boleto,1,1,computers_accessories,167.0,1.0,2.0,4.0,14.0,RJ,1,computers_accessories,RJ
fd9dafb758ece9cacf97809641848ac8,28.99,9.54,32.91,1,28.99,3.106921296296296,17.386203703703703,0.0,1,0.1787,5,1,0,0.9390393518518518,credit_card,1,1,sports_leisure,700.0,5.0,1.0,0.0,14.0,RJ,1,sports_leisure,RJ
feae353ea73e765c5a5073dad8915449,179.0,17.99,10.05,1,179.0,11.433472222222223,20.545,0.0,1,0.5565,4,1,0,3.0173726851851854,debit_card,1,1,furniture_decor,6400.0,3.0,11.0,5.0,10.0,SP,1,furniture_decor,SP
d5bcdee139c8e3a1d1fc14b865ccd847,56.99,12.74,22.35,1,56.99,10.147835648148147,21.39414351851852,0.0,1,0.4743,5,1,0,0.7281365740740741,credit_card,1,1,bed_bath_table,875.0,1.0,10.0,2.0,14.0,SP,1,bed_bath_table,SP
450f444c9bdd54b76fca4a6f727b9a35,98.0,43.4,44.29,1,98.0,4.2963657407407405,16.33886574074074,0.0,1,0.263,3,0,0,4.652384259259259,credit_card,1,1,industry_commerce_and_business,11325.0,4.0,6.0,0.0,15.0,SP,1,other,SP
c7121b2b9e81d55122e3d7a0e2b4202e,23.99,7.78,32.43,1,23.99,3.97087962962963,18.07962962962963,0.0,1,0.2196,4,1,0,1.063287037037037,credit_card,1,1,health_beauty,100.0,1.0,11.0,4.0,22.0,SP,1,health_beauty,SP
e83806e4e84ef029b8547983939597aa,269.0,22.37,8.32,1,269.0,17.15599537037037,20.39494212962963,0.0,1,0.8412,5,1,0,2.550925925925926,boleto,1,1,books_technical,2400.0,1.0,10.0,2.0,14.0,SC,1,other,SC
8b4e378f85633a53f78340e5692b8ba7,99.9,21.78,21.8,1,99.9,7.293078703703704,23.41892361111111,0.0,1,0.3114,5,1,0,1.741724537037037,boleto,1,1,furniture_decor,2500.0,1.0,4.0,1.0,13.0,SC,1,furniture_decor,SC
5ce16898c9bd69dd391793100328af1a,389.9,83.04,21.3,1,389.9,12.868506944444444,24.147118055555556,0.0,1,0.5329,5,1,0,8.021203703703703,credit_card,6,2,housewares,18400.0,10.0,12.0,0.0,20.0,SP,1,housewares,SP
c8ecedef4a35f54e2ed8d27f439ca5f0,304.99,17.01,5.58,1,304.99,9.41363425925926,17.615335648148147,0.0,1,0.5344,5,1,0,50.089166666666664,credit_card,1,1,telephony,250.0,2.0,3.0,0.0,9.0,PR,1,telephony,PR
ef6baab963aed837576218d1bc1db735,129.0,26.98,20.91,1,129.0,11.449976851851853,35.51761574074074,0.0,1,0.3224,5,1,0,2.1702199074074073,credit_card,5,1,housewares,10750.0,3.0,5.0,1.0,11.0,RJ,1,housewares,RJ
0330ce746b322d7d22d9623cf556afed,110.0,16.74,15.22,1,110.0,6.276342592592592,20.516967592592593,0.0,1,0.3059,5,1,0,3.1175231481481482,credit_card,3,1,health_beauty,1050.0,1.0,5.0,3.0,11.0,DF,1,health_beauty,DF
85559e6e6b4a10fd8171a9ad0de5be67,240.35,18.52,7.71,1,240.35,7.974641203703704,22.318171296296295,0.0,1,0.3573,4,1,0,4.008356481481481,credit_card,5,1,computers_accessories,400.0,2.0,3.0,3.0,16.0,PR,1,computers_accessories,PR
65865a9e35aecfe5c8474e8312b24cb4,28.14,20.4,72.49,1,28.14,24.164965277777778,33.115578703703704,0.0,1,0.7297,5,1,0,0.43702546296296296,credit_card,1,1,housewares,500.0,2.0,3.0,5.0,21.0,PE,1,housewares,PE
22dde33dda11551ecfd0973eeeab36f6,55.9,15.14,27.08,1,55.9,7.328888888888889,24.469328703703702,0.0,1,0.2995,5,1,0,2.9950694444444443,credit_card,2,1,perfumery,100.0,2.0,2.0,4.0,12.0,PR,1,perfumery,PR
f626e04100d0d00724d0bea895ccd9b8,115.9,29.21,25.2,1,115.9,16.827951388888888,30.029351851851853,0.0,1,0.5604,5,1,0,0.6139236111111112,credit_card,3,1,bed_bath_table,1850.0,1.0,11.0,5.0,23.0,PE,1,bed_bath_table,PE
9f16fd7755d607cff890d9af2f212340,30.0,9.34,31.13,1,30.0,7.874340277777778,18.410439814814815,0.0,1,0.4277,3,0,0,3.510462962962963,credit_card,2,1,housewares,1050.0,1.0,5.0,3.0,14.0,SP,1,housewares,SP
254a37b463b291e2cc13a671e8d49844,479.9,26.23,5.47,1,479.9,16.093263888888888,30.276157407407407,0.0,1,0.5315,5,1,0,4.4903125,credit_card,5,1,sports_leisure,2500.0,1.0,1.0,1.0,17.0,SC,1,sports_leisure,SC
caccd68dd4f7eb6c51f70c91ae9d7dc1,254.9,35.32,13.86,1,254.9,15.203564814814815,27.25298611111111,0.0,1,0.5579,5,1,0,1.136585648148148,credit_card,4,1,bed_bath_table,3450.0,1.0,4.0,1.0,17.0,MS,1,bed_bath_table,other
a37886f08d7388949c837444617bb1bd,99.96,21.01,21.02,1,99.96,14.056932870370371,34.44878472222222,0.0,1,0.4081,1,0,1,1.4233449074074074,credit_card,10,1,office_furniture,7900.0,1.0,3.0,2.0,13.0,SP,1,office_furniture,SP
903fea98271edfad787cc4f60428edc2,35.9,17.6,49.03,1,35.9,10.192199074074074,21.28074074074074,0.0,1,0.4789,5,1,0,1.5775925925925927,boleto,1,1,home_appliances,950.0,2.0,7.0,2.0,17.0,MG,1,other,MG
ff11d3fea0c002ef421b75fbfb7b81b6,99.99,16.95,16.95,1,99.99,18.005405092592593,23.16230324074074,0.0,1,0.7774,5,1,0,3.9462847222222224,voucher,1,1,cool_stuff,4475.0,1.0,2.0,5.0,20.0,MG,1,cool_stuff,MG
92e2600b1049f75778bc8dc7aababdf8,109.9,15.88,14.45,1,109.9,10.588819444444445,20.80951388888889,0.0,1,0.5088,1,0,1,1.5744444444444443,boleto,1,1,furniture_decor,2500.0,3.0,5.0,2.0,4.0,SP,1,furniture_decor,SP
f0bb5dca1594ac2120ed48c032372a62,69.9,19.46,27.84,1,69.9,47.0383912037037,23.18109953703704,500.0,0,2.0292,1,0,1,0.5132407407407408,credit_card,1,1,toys,600.0,10.0,3.0,6.0,19.0,MS,1,toys,other
db9525f2339f6bb22c0ff48a64b5ac8f,119.0,15.71,13.2,1,119.0,13.310358796296295,23.490185185185187,0.0,1,0.5666,5,1,0,2.021076388888889,credit_card,10,1,watches_gifts,400.0,1.0,5.0,6.0,12.0,SP,1,watches_gifts,SP
dc0274a25d881c813da7d55b7faace37,15.0,17.63,117.53,1,15.0,24.47954861111111,35.65203703703704,0.0,1,0.6866,5,1,0,1.062523148148148,boleto,1,1,auto,100.0,1.0,2.0,4.0,8.0,PA,0,auto,PA
be90ec50f4cf74326a1f9a41860d7f75,90.0,26.93,29.92,1,90.0,10.473703703703704,23.537685185185186,0.0,1,0.445,5,1,0,3.4120138888888887,credit_card,1,1,party_supplies,4650.0,1.0,8.0,1.0,11.0,RJ,1,other,RJ
7e063d87578c3438c8c086b4d5c93df2,49.0,28.82,58.82,1,49.0,21.828761574074075,32.09090277777778,0.0,1,0.6802,4,1,0,3.615775462962963,boleto,1,1,garden_tools,1750.0,2.0,11.0,5.0,21.0,CE,1,garden_tools,CE
7f67e7f5f8b3c078845361053900bdb7,80.49,8.72,10.83,1,80.49,4.3524768518518515,4.324340277777778,0.6752777777777778,0,1.0065,5,1,0,0.5560879629629629,credit_card,1,1,food,330.0,1.0,8.0,4.0,16.0,SP,1,other,SP
310334d50b302aec6d93cfb4f96afa0b,199.99,14.42,7.21,1,199.99,5.309965277777778,19.52627314814815,0.0,1,0.2719,5,1,0,3.0703935185185185,credit_card,2,1,cool_stuff,1800.0,1.0,7.0,4.0,11.0,SP,1,cool_stuff,SP
854c37b10f4e835f6bc91355c9a7346c,84.0,14.68,17.48,1,84.0,11.435752314814815,35.48978009259259,0.0,1,0.3222,5,1,0,1.5029976851851852,credit_card,2,1,home_confort,1825.0,1.0,6.0,2.0,12.0,SP,1,other,SP
862718725e3717bdfba1e73349aef6a8,220.0,16.75,7.61,1,220.0,19.704699074074075,29.403425925925927,0.0,1,0.6701,5,1,0,1.7842939814814816,credit_card,3,1,computers_accessories,517.0,1.0,4.0,2.0,14.0,SP,1,computers_accessories,SP
8230e3a4f90966341dec1a7b544e6cac,18.9,11.85,62.7,1,18.9,35.58625,17.651122685185186,430.44305555555553,0,2.0161,1,0,1,7.215798611111111,boleto,1,1,electronics,200.0,1.0,2.0,1.0,8.0,SP,1,electronics,SP
9b2a37f033bab5386e61e5bfda347128,89.9,16.39,18.23,1,89.9,20.993819444444444,31.244409722222223,0.0,1,0.6719,5,1,0,25.270949074074075,credit_card,5,1,pet_shop,1600.0,2.0,11.0,5.0,18.0,SP,1,pet_shop,SP
0a0c0f2cec03e2ec12eefdad109eb83d,269.99,32.04,11.87,2,134.995,3.0681944444444444,16.180208333333333,0.0,1,0.1896,5,1,0,3.043761574074074,credit_card,1,1,sports_leisure,1500.0,5.0,7.0,0.0,19.0,PR,1,sports_leisure,PR
08a806963c9db61fc3b11bf257891610,13.99,7.78,55.61,1,13.99,5.885347222222222,15.276238425925927,0.0,1,0.3853,5,1,0,0.8074768518518518,credit_card,1,1,perfumery,50.0,1.0,2.0,2.0,17.0,SP,1,perfumery,SP
f393ee789889eff3f65907da221fa79c,18.79,17.06,90.79,1,18.79,7.977488425925926,31.340902777777778,0.0,1,0.2545,5,1,0,2.9144212962962963,debit_card,1,1,electronics,150.0,1.0,7.0,0.0,15.0,RJ,1,electronics,RJ
e3b3b57caa0974d93ed5218dde2ff4b3,990.0,321.46,32.47,1,990.0,7.881747685185185,14.02125,0.0,1,0.5621,4,1,0,1.0089814814814815,credit_card,2,1,construction_tools_construction,18400.0,6.0,5.0,1.0,23.0,SP,1,other,SP
a5688ec2d0ca0bea0aaf617149387d73,47.9,16.32,34.07,1,47.9,23.003194444444443,20.16386574074074,68.1438888888889,0,1.1408,2,0,1,2.569097222222222,boleto,1,1,baby,650.0,4.0,5.0,3.0,20.0,RS,1,baby,RS
d733a95f6cb68a232fa3478980d52464,19.0,12.79,67.32,1,19.0,10.694236111111111,13.87568287037037,0.0,1,0.7707,5,1,0,2.962349537037037,boleto,1,1,computers_accessories,150.0,3.0,7.0,5.0,2.0,SP,1,computers_accessories,SP
55025553458bd01df2923dee50221dd6,35.0,14.1,40.29,1,35.0,17.055173611111112,31.25068287037037,0.0,1,0.5458,5,1,0,1.7998148148148148,credit_card,1,1,housewares,200.0,2.0,2.0,6.0,17.0,GO,1,housewares,GO
98429a600b0e3aedf097e5bf7f747ee1,29.99,7.78,25.94,1,29.99,3.360949074074074,14.578171296296297,0.0,1,0.2305,5,1,0,2.936446759259259,credit_card,1,1,telephony,300.0,1.0,2.0,0.0,10.0,SP,1,telephony,SP
9f8e3217355bc9c67b661fa30c95ac79,17.9,12.79,71.45,1,17.9,30.67628472222222,15.995775462962962,352.33222222222224,0,1.9178,1,0,1,0.3521064814814815,boleto,1,1,furniture_decor,300.0,1.0,3.0,1.0,0.0,SP,1,furniture_decor,SP
56e0b1ec39c663f613da206d0e8167cb,85.0,36.69,43.16,1,85.0,3.2243055555555555,19.368391203703705,0.0,1,0.1665,4,1,0,3.8241319444444444,credit_card,10,1,furniture_mattress_and_upholstery,1700.0,1.0,12.0,3.0,15.0,SP,1,other,SP
1348605b4286bdd5b425be0ee7c2c8cf,29.9,7.47,24.98,1,29.9,3.9610416666666666,6.288252314814815,0.0,1,0.6299,5,1,0,2.8090740740740743,credit_card,1,1,health_beauty,300.0,1.0,8.0,4.0,17.0,SP,1,health_beauty,SP
d5372a3694fdfdf2a17bb89e25d34097,232.0,45.2,19.48,1,232.0,23.789386574074076,21.081967592592594,64.97805555555556,0,1.1284,5,1,0,2.5389930555555558,voucher,6,2,electronics,6200.0,5.0,4.0,1.0,22.0,RJ,1,electronics,RJ
40cbe4b0f2cefb5dcd46d4ac9e11a277,29.9,15.1,50.5,1,29.9,12.795289351851851,33.954791666666665,0.0,1,0.3768,4,1,0,1.649224537037037,boleto,1,1,electronics,350.0,2.0,12.0,4.0,1.0,PR,1,electronics,PR
1a72f6a64ee69893c1bb3390cb1ca50d,22.8,16.11,70.66,1,22.8,14.094074074074074,31.124212962962964,0.0,1,0.4528,5,1,0,3.4709375,credit_card,1,1,flowers,850.0,1.0,1.0,1.0,21.0,RS,1,other,RS
b9f0263ed58ccbb9222d26b7c34e7b80,110.32,15.87,14.39,1,110.32,9.61662037037037,12.632685185185185,0.0,1,0.7612,5,1,0,1.6599768518518518,credit_card,6,1,health_beauty,200.0,1.0,8.0,6.0,8.0,MG,1,health_beauty,MG
68ae819c73eb9de8d35cd66a147f0a68,258.99,20.05,7.74,1,258.99,9.292094907407407,24.751898148148147,0.0,1,0.3754,5,1,0,1.4417476851851851,boleto,1,1,health_beauty,1600.0,1.0,5.0,4.0,5.0,RJ,1,health_beauty,RJ
64cc5b70a25c40aeb6f383cd595e6d4b,299.99,11.36,3.79,1,299.99,4.66943287037037,25.11480324074074,0.0,1,0.1859,5,1,0,0.8453240740740741,credit_card,5,1,housewares,10150.0,3.0,4.0,6.0,21.0,PR,1,housewares,PR
0872edb299cc877db83f28df3d3f5ecf,89.9,17.88,19.89,1,89.9,11.664467592592592,23.298703703703705,0.0,1,0.5006,5,1,0,0.7983680555555556,credit_card,5,1,bed_bath_table,1300.0,1.0,6.0,5.0,16.0,PR,1,bed_bath_table,PR
a8b2f3083abb2ff207e898eb1886c7dd,96.9,14.77,15.24,1,96.9,5.383136574074074,21.47994212962963,0.0,1,0.2506,5,1,0,1.056539351851852,credit_card,2,1,bed_bath_table,1375.0,1.0,4.0,0.0,12.0,SP,1,bed_bath_table,SP
7d6d1cb82d9fce9dc13a7ed53e7d5d68,47.6,14.11,29.64,1,47.6,23.64866898148148,25.288576388888888,0.0,1,0.9352,5,1,0,1.0755092592592592,credit_card,3,1,books_general_interest,900.0,2.0,2.0,5.0,17.0,RJ,1,other,RJ
bac917328635cc37b0b81f900b1c6b86,119.0,21.47,18.04,1,119.0,5.250775462962963,11.66400462962963,0.0,1,0.4502,4,1,0,2.5689467592592594,boleto,1,1,sports_leisure,5900.0,1.0,8.0,0.0,8.0,SP,1,sports_leisure,SP
0621ad7376367fb506403a29c8f7a603,200.0,69.55,34.78,1,200.0,6.160289351851852,29.518113425925925,0.0,1,0.2087,5,1,0,3.6736342592592592,credit_card,1,1,computers_accessories,5650.0,3.0,8.0,6.0,11.0,RJ,1,computers_accessories,RJ
02c2adcfacd7ead855d2497e0d8eecae,157.9,27.21,17.23,1,157.9,7.872476851851852,16.134143518518517,0.0,1,0.4879,4,1,0,1.6805787037037037,credit_card,2,1,pet_shop,12800.0,3.0,1.0,0.0,20.0,SP,1,pet_shop,SP
ff0d4869d957ba46496a840133691be6,29.9,8.11,27.12,1,29.9,2.467037037037037,13.438275462962963,0.0,1,0.1836,5,1,0,0.5928703703703704,debit_card,1,1,health_beauty,250.0,1.0,2.0,1.0,13.0,SP,1,health_beauty,SP
cbafa8227623af5855f89a9e49210ef4,389.0,23.21,5.97,1,389.0,11.924074074074074,28.098472222222224,0.0,1,0.4244,5,1,0,2.8702893518518517,credit_card,8,1,garden_tools,3020.0,2.0,9.0,0.0,21.0,RS,1,garden_tools,RS
3d384508dcdfe0542bd9458a84038ff2,119.0,54.59,45.87,1,119.0,13.277060185185185,24.530787037037037,0.0,1,0.5412,5,1,0,0.9147106481481482,credit_card,2,1,computers_accessories,6550.0,1.0,4.0,6.0,11.0,SP,1,computers_accessories,SP
c8c2c89a2e1c59735805f588d5b2d2b1,79.0,13.57,17.18,1,79.0,7.704074074074074,25.142025462962962,0.0,1,0.3064,5,1,0,0.7251273148148148,credit_card,2,1,stationery,5850.0,2.0,12.0,4.0,20.0,SP,1,stationery,SP
c7cbe3ca58f40994983d42d31da51f81,34.0,8.27,24.32,1,34.0,6.111689814814815,18.536238425925927,0.0,1,0.3297,5,1,0,0.7168518518518519,credit_card,1,1,books_general_interest,300.0,1.0,1.0,3.0,11.0,RN,1,other,other
6a88124470b2dfdcd14d76a86778eb1a,46.8,60.4,129.06,4,11.7,24.691608796296297,33.91822916666667,0.0,1,0.728,4,1,0,1.6895717592592594,credit_card,7,1,sports_leisure,2300.0,1.0,5.0,5.0,1.0,SP,1,sports_leisure,SP
dd9d55e4b22e4677620a448025caade1,99.0,19.93,20.13,1,99.0,9.340590277777778,27.45175925925926,0.0,1,0.3403,5,1,0,2.747662037037037,credit_card,6,1,computers_accessories,1600.0,4.0,9.0,3.0,13.0,SP,1,computers_accessories,SP
4bb7d9f700ca1724ed6ec873680e4220,19.99,7.4,37.02,1,19.99,3.7378935185185185,8.718159722222222,0.0,1,0.4287,3,0,0,0.0,credit_card,1,1,telephony,100.0,2.0,7.0,2.0,6.0,SP,1,telephony,SP
b23ffa84f950d53d9bd788be1b65d92c,79.0,7.81,9.89,1,79.0,2.8669212962962964,13.303298611111112,0.0,1,0.2155,5,1,0,10.804282407407408,credit_card,3,1,watches_gifts,150.0,1.0,11.0,2.0,16.0,SP,1,watches_gifts,SP
bd4731cbfe1bb7fd2896c138c6af8c2c,299.70000000000005,115.62,38.58,3,99.90000000000002,12.19951388888889,22.432164351851853,0.0,1,0.5438,5,1,0,0.952662037037037,credit_card,10,1,furniture_decor,2000.0,1.0,2.0,3.0,13.0,SP,1,furniture_decor,SP
ef035875ac63a400aba5f6d6708e880d,34.9,18.89,54.13,1,34.9,10.860474537037037,18.022314814814816,0.0,1,0.6026,5,1,0,3.443599537037037,credit_card,4,1,consoles_games,350.0,3.0,9.0,5.0,23.0,RJ,1,other,RJ
a3e5e237c5c0469d6a5db312af565b9d,79.0,12.8,16.2,1,79.0,29.088368055555556,28.159189814814816,22.30027777777778,0,1.033,4,1,0,1.0433912037037036,credit_card,3,1,health_beauty,250.0,2.0,12.0,3.0,20.0,SC,1,health_beauty,SC
e039686ac81ec2da584dda89863a28cc,225.0,15.32,6.81,1,225.0,10.780798611111111,25.310185185185187,0.0,1,0.4259,5,1,0,4.591597222222222,credit_card,5,1,bed_bath_table,2900.0,4.0,5.0,0.0,16.0,RJ,1,bed_bath_table,RJ
4d191bb8e1eea602e77b4ab62cf4daac,39.0,21.43,54.95,1,39.0,21.085717592592594,16.308877314814815,114.64416666666666,0,1.2929,5,1,0,4.586990740740741,credit_card,2,1,bed_bath_table,700.0,1.0,3.0,2.0,16.0,MG,0,bed_bath_table,MG
12407bf447a2436702d59268381a1212,140.0,17.42,12.44,1,140.0,31.902638888888887,40.129618055555554,0.0,1,0.795,5,1,0,3.025821759259259,boleto,1,1,computers_accessories,175.0,4.0,12.0,6.0,20.0,BA,1,computers_accessories,BA
fc679e45270d2f97d8e43b7ec70f6d68,146.99,21.52,14.64,1,146.99,13.128356481481482,19.217372685185186,0.0,1,0.6832,5,1,0,1.5083680555555556,boleto,1,1,cool_stuff,2350.0,1.0,10.0,3.0,18.0,RJ,1,cool_stuff,RJ
3394b34a431d6a6357c188dbc1f8c0d1,59.0,13.07,22.15,1,59.0,6.021608796296296,19.390775462962964,0.0,1,0.3105,5,1,0,3.0264814814814813,credit_card,1,1,watches_gifts,200.0,4.0,6.0,5.0,14.0,SP,1,watches_gifts,SP
0c35dda0683add11df3fe84a8a4135a1,78.8,13.21,16.76,1,78.8,4.5375,25.977430555555557,0.0,1,0.1747,2,0,1,1.4405902777777777,credit_card,9,1,furniture_decor,150.0,4.0,6.0,4.0,0.0,SP,1,furniture_decor,SP
494e43282d9bcf8611235ef3b78dfdf4,98.0,36.88,37.63,2,49.0,8.163703703703703,20.450648148148147,0.0,1,0.3992,4,1,0,1.4846180555555557,credit_card,10,1,fashion_bags_accessories,250.0,7.0,8.0,1.0,13.0,SC,1,fashion_bags_accessories,SC
9b02db6dcad15dad9ecf70c0f0ba0373,27.9,7.87,28.21,1,27.9,4.202997685185185,16.486469907407407,0.0,1,0.2549,5,1,0,2.8744675925925924,boleto,1,1,food,150.0,1.0,4.0,6.0,12.0,SP,1,other,SP
e308e5bfa618752eafa2141f230e3d0d,45.9,9.34,20.35,1,45.9,5.857071759259259,16.102256944444445,0.0,1,0.3637,5,1,0,0.8613078703703704,credit_card,2,1,bed_bath_table,800.0,5.0,1.0,0.0,21.0,SP,1,bed_bath_table,SP
961555c74d50503ec14b3b5340fdb3ae,58.9,16.17,27.45,1,58.9,14.102071759259259,31.387141203703703,0.0,1,0.4493,5,1,0,2.9448958333333333,credit_card,5,1,health_beauty,650.0,1.0,1.0,1.0,14.0,RJ,1,health_beauty,RJ
36e6f8967ccdbe52405ed9323090b4a7,285.0,15.11,5.3,1,285.0,2.0485185185185184,13.331458333333334,0.0,1,0.1537,5,1,0,2.9414814814814814,credit_card,2,1,sports_leisure,1648.0,1.0,10.0,3.0,16.0,PR,1,sports_leisure,PR
848e4afbe2694186332b34dac9909092,89.9,11.83,13.16,1,89.9,6.795439814814815,14.077048611111111,0.0,1,0.4827,5,1,0,2.8703819444444445,credit_card,1,1,bed_bath_table,1550.0,4.0,1.0,1.0,22.0,SP,1,bed_bath_table,SP
788a2f679187362222b67dfe89da6c1a,53.699999999999996,35.55,66.2,3,17.9,9.855555555555556,23.01574074074074,0.0,1,0.4282,1,0,1,1.8688194444444444,voucher,1,2,bed_bath_table,250.0,1.0,11.0,5.0,23.0,SP,0,bed_bath_table,SP
bdc7f95d05c71fab5c86c5388f27872b,367.94,10.32,2.8,1,367.94,4.970740740740741,17.325659722222223,0.0,1,0.2869,5,1,0,0.7795023148148148,credit_card,1,1,musical_instruments,300.0,2.0,12.0,1.0,16.0,SP,1,other,SP
ea2b0d7a0a90d48af8fa7962e12a4210,139.0,19.07,13.72,1,139.0,6.609537037037037,31.035266203703703,0.0,1,0.213,5,1,0,1.0505671296296295,credit_card,6,1,watches_gifts,275.0,5.0,6.0,5.0,23.0,RJ,1,watches_gifts,RJ
6a5c06a4a835cf487f19e1d2fa1d0acc,19.9,15.1,75.88,1,19.9,9.607407407407408,25.13866898148148,0.0,1,0.3822,5,1,0,4.049085648148148,credit_card,3,1,electronics,200.0,1.0,10.0,0.0,20.0,SC,1,electronics,SC
47fc4c9e492b9f16113a0c22023ca552,109.9,17.51,15.93,1,109.9,17.77582175925926,25.29453703703704,0.0,1,0.7028,5,1,0,5.475520833333333,credit_card,7,1,bed_bath_table,835.0,1.0,4.0,0.0,16.0,RJ,1,bed_bath_table,RJ
b87f39d1bac620613ed4f616ab997120,19.99,15.23,76.19,1,19.99,14.103599537037036,35.29216435185185,0.0,1,0.3996,5,1,0,1.0589699074074075,credit_card,3,1,computers_accessories,125.0,4.0,5.0,2.0,16.0,SC,1,computers_accessories,SC
7497e93235a72f254d6c17fa6ecadeb9,108.0,9.69,8.97,1,108.0,5.484074074074074,34.50256944444445,0.0,1,0.1589,5,1,0,6.4753125,credit_card,5,1,perfumery,1000.0,6.0,6.0,5.0,11.0,RJ,1,perfumery,RJ
f4f6ccc290ea4d8f5808daa6630c9a9b,94.0,17.91,19.05,1,94.0,14.346273148148148,18.354189814814816,0.0,1,0.7816,4,1,0,2.8792824074074073,credit_card,5,1,health_beauty,1255.0,1.0,3.0,4.0,15.0,ES,1,health_beauty,ES
2e40ccac66c1ee178735409e006d17ec,69.9,7.78,11.13,1,69.9,5.988692129629629,15.22511574074074,0.0,1,0.3933,3,0,0,0.0,credit_card,1,1,fashion_bags_accessories,200.0,5.0,1.0,2.0,18.0,SP,1,fashion_bags_accessories,SP
ae20947231d4d44dde1680a7ab14d90a,106.99,18.0,16.82,1,106.99,11.015891203703704,23.05761574074074,0.0,1,0.4778,5,1,0,6.006412037037037,credit_card,3,1,bed_bath_table,1750.0,1.0,9.0,6.0,22.0,RJ,0,bed_bath_table,RJ
0280239e6c4add91b8a415d9b2566649,109.9,24.05,21.88,1,109.9,5.247233796296296,21.298252314814814,0.0,1,0.2464,5,1,0,2.6952777777777777,credit_card,3,1,luggage_accessories,16100.0,2.0,4.0,0.0,16.0,SP,1,other,SP
030fde5155e0240c5d3c55206fdadd6e,79.9,20.96,26.23,1,79.9,28.17246527777778,30.287280092592592,0.0,1,0.9302,3,0,0,0.0,credit_card,2,1,furniture_decor,1800.0,1.0,1.0,5.0,17.0,MT,1,furniture_decor,MT
72f4457edfd9a30747e06bdcf34882cb,13.99,15.79,112.87,1,13.99,28.285578703703703,28.306655092592592,0.0,1,0.9993,5,1,0,0.8401736111111111,voucher,1,2,computers_accessories,200.0,4.0,12.0,2.0,16.0,BA,1,computers_accessories,BA
e4119cadac78b72b896e02fcbd0d4991,97.49,12.64,12.97,1,97.49,2.0390277777777777,15.398113425925926,0.0,1,0.1324,2,0,1,1.6713888888888888,credit_card,1,1,health_beauty,1383.0,1.0,1.0,2.0,14.0,SP,1,health_beauty,SP
5174f67c5ed487530dce2130067c9b3b,182.0,14.29,7.85,1,182.0,7.219479166666667,19.452291666666667,0.0,1,0.3711,5,1,0,4.047048611111111,credit_card,9,1,bed_bath_table,2069.0,2.0,8.0,3.0,13.0,SP,1,bed_bath_table,SP
97f6bccc8a818d0d2afb5de2cb2690ff,142.0,21.48,15.13,1,142.0,7.228564814814815,21.513159722222223,0.0,1,0.336,5,1,0,1.0230902777777777,debit_card,1,1,housewares,3000.0,1.0,8.0,1.0,11.0,SP,1,housewares,SP
a5eb986c3d4aeb4c4c841118a02f6a9a,155.97,8.35,5.35,1,155.97,9.9228125,16.097349537037037,0.0,1,0.6164,3,0,0,3.0119444444444445,credit_card,5,1,watches_gifts,363.0,4.0,7.0,0.0,21.0,SP,1,watches_gifts,SP
e68e1b61896163cdd7f8e07b2ae814c9,24.9,22.93,92.09,1,24.9,10.698333333333334,37.91217592592593,0.0,1,0.2822,4,1,0,1.0360416666666667,credit_card,3,1,furniture_decor,1050.0,2.0,4.0,1.0,2.0,RJ,0,furniture_decor,RJ
c9797c1870f10515470f1c45d5f427a9,89.99,26.25,29.17,1,89.99,8.888553240740741,25.230925925925927,0.0,1,0.3523,1,0,1,1.858136574074074,credit_card,2,1,garden_tools,5950.0,1.0,12.0,3.0,18.0,MG,1,garden_tools,MG
c5f01991eadc43c924dfd891e9026217,54.99,18.26,33.21,1,54.99,59.04002314814815,25.519930555555554,500.0,0,2.3135,5,1,0,4.724479166666667,credit_card,3,1,perfumery,400.0,2.0,3.0,5.0,11.0,PR,1,perfumery,PR
97e5501feb2532ef0e124d2dc4e86537,99.9,17.95,17.97,1,99.9,20.97627314814815,23.279409722222223,0.0,1,0.9011,5,1,0,0.9976736111111111,boleto,1,1,bed_bath_table,1650.0,1.0,2.0,2.0,17.0,SC,0,bed_bath_table,SC
c00a2456a6e0c57cf44a42c364301c50,65.9,11.85,17.98,1,65.9,12.704849537037036,18.171516203703703,0.0,1,0.6992,4,1,0,2.615925925925926,credit_card,1,1,bed_bath_table,675.0,1.0,3.0,5.0,19.0,SP,1,bed_bath_table,SP
8c05f20d5b89876f05c9be84bf65b31f,204.0,18.68,9.16,1,204.0,23.387662037037035,22.531828703703702,20.54,0,1.038,5,1,0,1.5150925925925927,credit_card,3,1,watches_gifts,342.0,1.0,2.0,1.0,11.0,ES,1,watches_gifts,ES
0d51e1d665d652b294c5246222e8b716,119.8,35.34,29.5,2,59.9,14.156597222222222,28.43173611111111,0.0,1,0.4979,1,0,1,2.0971064814814815,credit_card,3,1,garden_tools,1750.0,2.0,7.0,4.0,13.0,RJ,1,garden_tools,RJ
2c2f2d80001f2f3c4daae5f1a378f56c,17.99,18.23,101.33,1,17.99,12.711736111111112,24.16099537037037,0.0,1,0.5261,5,1,0,0.6853125,credit_card,3,1,books_technical,200.0,1.0,6.0,6.0,20.0,ES,1,other,ES
d7adcdb433f3dffc954f4b7f5cfe9dd0,99.9,15.45,15.47,1,99.9,30.405,31.479282407407407,0.0,1,0.9659,2,0,1,2.9160069444444443,credit_card,3,1,sports_leisure,1022.0,1.0,12.0,6.0,12.0,RJ,1,sports_leisure,RJ
7fd5ec755163671e2eb2679b4bfb35b0,7.0,11.85,169.29,1,7.0,8.973622685185186,24.287488425925925,0.0,1,0.3695,5,1,0,1.1235069444444443,boleto,1,1,telephony,150.0,2.0,6.0,6.0,17.0,SP,1,telephony,SP
2c832927085c6d055b8f9de599c81c81,29.99,15.31,51.05,1,29.99,8.324363425925926,23.302280092592593,0.0,1,0.3572,5,1,0,13.530787037037037,credit_card,1,1,housewares,129.0,3.0,7.0,1.0,16.0,RJ,1,housewares,RJ
8b2f9f02aedff06e75d2ec99e6316429,39.9,15.38,38.55,1,39.9,4.863252314814815,13.132708333333333,0.0,1,0.3703,4,1,0,1.6688657407407408,credit_card,1,1,auto,100.0,2.0,7.0,4.0,20.0,MG,1,auto,MG
e733a2629b5e8c98bc57ee6e1770ba2b,34.9,28.75,82.38,1,34.9,18.923877314814813,27.23425925925926,0.0,1,0.6949,5,1,0,0.8323148148148148,credit_card,1,1,pet_shop,6100.0,10.0,11.0,3.0,18.0,PE,1,pet_shop,PE
9a9ca2ba7c7df7918e058df64a36c739,119.99,25.0,20.84,1,119.99,4.438530092592592,21.51914351851852,0.0,1,0.2063,5,1,0,1.057951388888889,credit_card,2,1,computers_accessories,6550.0,1.0,6.0,0.0,11.0,MG,1,computers_accessories,MG
e4fae7c719983b63017bd3777af312c4,86.69999999999999,51.39,59.27,3,28.899999999999995,8.112326388888889,21.27056712962963,0.0,1,0.3814,5,1,0,1.4559722222222222,credit_card,1,1,computers_accessories,150.0,4.0,6.0,2.0,17.0,PR,1,computers_accessories,PR
9f5e6c300b83e6d4ab2815c44c830f86,85.0,20.08,23.62,1,85.0,13.571666666666667,22.641770833333332,0.0,1,0.5994,5,1,0,1.8074652777777778,boleto,1,1,housewares,3100.0,1.0,10.0,3.0,8.0,RJ,1,housewares,RJ
8fbefa23ae0c37b2b4ca94dd96abdb78,59.9,17.67,29.5,1,59.9,9.92630787037037,29.191979166666666,0.0,1,0.34,5,1,0,0.9880324074074074,credit_card,3,1,garden_tools,1500.0,2.0,7.0,0.0,19.0,RJ,1,garden_tools,RJ
4036863bd00a3f284f0bc41cdb8e704b,27.0,50.38,186.59,2,13.5,12.665358796296296,22.145972222222223,0.0,1,0.5719,1,0,1,2.980868055555556,credit_card,1,1,sports_leisure,3100.0,1.0,6.0,2.0,20.0,SP,1,sports_leisure,SP
e3c98dd47fb70fc2a9964a4851385d99,45.9,12.69,27.65,1,45.9,7.284409722222223,27.42184027777778,0.0,1,0.2656,4,1,0,3.567662037037037,credit_card,2,1,furniture_decor,700.0,1.0,7.0,1.0,13.0,SP,1,furniture_decor,SP
01018f26fb8b8a922c025de40a85a553,199.9,13.53,6.77,1,199.9,4.162083333333333,24.30553240740741,0.0,1,0.1712,5,1,0,0.9825231481481481,boleto,1,1,stationery,2533.0,3.0,1.0,6.0,16.0,MG,1,stationery,MG
809066fe287041e342b6306ac985efa3,54.6,14.13,25.88,1,54.6,15.119594907407407,18.625219907407406,0.0,1,0.8118,4,1,0,2.6361921296296296,credit_card,1,1,computers_accessories,250.0,2.0,9.0,3.0,8.0,SC,1,computers_accessories,SC
a1b32898e643753859daf101e6fbd811,299.0,16.84,5.63,1,299.0,23.486817129629628,30.630868055555556,0.0,1,0.7668,5,1,0,0.9536226851851852,boleto,1,1,watches_gifts,269.0,1.0,12.0,1.0,8.0,ES,1,watches_gifts,ES
0f2bf926e0f3cdc9092f3388063eec2e,75.0,37.95,50.6,1,75.0,8.141539351851852,26.45199074074074,0.0,1,0.3078,4,1,0,0.9754282407407407,credit_card,5,1,housewares,4900.0,5.0,6.0,3.0,13.0,SP,1,housewares,SP
a4d0930cca1e47704dc6a35dc942efcb,69.9,0.0,0.0,1,69.9,22.552314814814814,27.043252314814815,0.0,1,0.8339,5,1,0,0.6613194444444445,credit_card,1,1,furniture_decor,2600.0,6.0,5.0,2.0,22.0,BA,1,furniture_decor,BA
db0c81ba4510a24f6720c4620e00ff24,119.0,15.59,13.1,1,119.0,4.676284722222222,24.15766203703704,0.0,1,0.1936,5,1,0,0.6558101851851852,credit_card,5,1,furniture_decor,1400.0,3.0,1.0,6.0,20.0,SP,1,furniture_decor,SP
fecf3cf03f02912a456993abe971e4fa,25.9,16.79,64.83,1,25.9,14.147766203703704,27.138796296296295,0.0,1,0.5213,5,1,0,0.46427083333333335,credit_card,1,1,electronics,100.0,1.0,1.0,3.0,20.0,RJ,1,electronics,RJ
447f7f85bb41620cc5e833f7d027e43d,284.99,22.44,7.87,1,284.99,28.265185185185185,35.59150462962963,0.0,1,0.7942,4,1,0,1.4327083333333333,credit_card,6,1,perfumery,500.0,1.0,3.0,3.0,9.0,BA,1,perfumery,BA
27eecff5a6338f7c36c78ad05eacc575,399.0,17.86,4.48,1,399.0,9.388368055555556,13.299166666666666,0.0,1,0.7059,5,1,0,1.4734953703703704,credit_card,4,1,pet_shop,1350.0,1.0,8.0,1.0,16.0,PR,0,pet_shop,PR
771a16ca2055c4def19c44f083181ab5,149.0,12.54,8.42,1,149.0,8.865358796296297,24.06709490740741,0.0,1,0.3684,5,1,0,28.264409722222222,boleto,1,1,watches_gifts,444.0,3.0,12.0,0.0,22.0,SP,1,watches_gifts,SP
cbaed4b35cd01ca40c5aded2079726aa,91.0,21.59,23.73,1,91.0,11.089097222222222,25.110983796296296,0.0,1,0.4416,3,0,0,2.509548611111111,credit_card,5,1,bed_bath_table,1825.0,1.0,4.0,4.0,21.0,RJ,1,bed_bath_table,RJ
8a0b86964fbc397870ec771b25a42243,24.99,12.79,51.18,1,24.99,14.491030092592593,16.57517361111111,0.0,1,0.8743,5,1,0,1.4443171296296295,voucher,1,2,telephony,300.0,2.0,3.0,1.0,10.0,SP,1,telephony,SP
e15f454eddd940c51be37a92d58394d1,189.0,19.2,10.16,1,189.0,9.268194444444445,26.507939814814815,0.0,1,0.3496,5,1,0,6.760300925925926,credit_card,1,1,health_beauty,500.0,1.0,4.0,3.0,11.0,RS,1,health_beauty,RS
ab909b3896fe9c63181e371b425d5c3c,23.8,18.23,76.6,1,23.8,21.020497685185184,19.273611111111112,41.92527777777778,0,1.0906,4,1,0,0.22390046296296295,credit_card,3,1,sports_leisure,283.0,1.0,3.0,2.0,17.0,RJ,1,sports_leisure,RJ
dde5d3aa9240a195f31460f12f526ec6,150.99,17.25,11.42,1,150.99,11.192071759259258,11.534467592592593,0.0,1,0.9703,5,1,0,0.9427083333333334,credit_card,3,1,costruction_tools_tools,950.0,5.0,8.0,0.0,11.0,RJ,1,other,RJ
97e54323b78a86d896c273c9ff83c570,359.9,51.05,14.18,1,359.9,19.23064814814815,21.45042824074074,0.0,1,0.8965,5,1,0,1.555462962962963,boleto,1,1,baby,12000.0,2.0,8.0,4.0,13.0,SP,1,baby,SP
09a3f87b74828b274d73ee9dfef43b68,69.9,20.98,30.01,1,69.9,28.085486111111113,32.56009259259259,0.0,1,0.8626,3,0,0,0.7414930555555556,credit_card,1,1,computers_accessories,2550.0,3.0,2.0,4.0,10.0,SC,1,computers_accessories,SC
722f06d0d1882a157cc59c93da7e3a61,289.9,16.2,5.59,1,289.9,12.095150462962962,25.578993055555557,0.0,1,0.4729,5,1,0,2.7586574074074073,credit_card,6,1,perfumery,426.0,1.0,4.0,5.0,10.0,MG,1,perfumery,MG
baa7c44786eefc9150c11c000058f284,89.5,12.02,13.43,1,89.5,9.716585648148149,20.305590277777778,0.0,1,0.4785,5,1,0,1.0974768518518518,credit_card,10,1,pet_shop,850.0,2.0,5.0,5.0,16.0,MG,1,pet_shop,MG
67f84cbb735a74164b7f56fe9603bec6,259.99,19.39,7.46,1,259.99,12.942164351851853,32.329351851851854,0.0,1,0.4003,5,1,0,3.4424074074074076,credit_card,3,1,luggage_accessories,1100.0,6.0,6.0,4.0,16.0,MT,1,other,MT
0cfd18c2b60aa680de9f5b66197cba40,110.32,7.64,6.93,1,110.32,1.394849537037037,7.497511574074074,0.0,1,0.186,5,1,0,2.8891087962962962,credit_card,2,1,health_beauty,150.0,1.0,5.0,4.0,12.0,SP,1,health_beauty,SP
9df040be9d7656d4c912b62472bfcf05,990.0,81.62,4.48,1,1820.0,7.451759259259259,23.067013888888887,0.0,1,0.323,5,1,0,1.4360300925925926,credit_card,10,1,garden_tools,8600.0,3.0,5.0,0.0,22.0,SP,1,garden_tools,SP
acdca7ca29a965ccdb9d934ba7f6cb83,190.9,17.1,8.96,1,190.9,10.303020833333333,34.658796296296295,0.0,1,0.2973,5,1,0,1.5243402777777777,credit_card,1,1,computers_accessories,550.0,1.0,1.0,1.0,8.0,SP,1,computers_accessories,SP
c65947f79428d123bcebe85b0e1ce777,59.89,12.76,21.31,1,59.89,4.473969907407407,20.572060185185187,0.0,1,0.2175,5,1,0,1.0130902777777777,voucher,1,1,baby,668.0,3.0,1.0,1.0,10.0,SP,1,baby,SP
9fbc6085aef8a6c39c5c177e7634c4e4,39.99,18.38,45.96,1,39.99,7.769224537037037,20.110393518518517,0.0,1,0.3863,5,1,0,2.608460648148148,credit_card,1,1,telephony,125.0,1.0,7.0,3.0,21.0,GO,0,telephony,GO
9aad16318fd0579b2bcbefdc3df8c73f,69.9,42.52,60.83,1,69.9,20.09923611111111,38.50914351851852,0.0,1,0.5219,5,1,0,1.024560185185185,credit_card,1,1,housewares,1450.0,3.0,6.0,5.0,11.0,PA,1,housewares,PA
eda1b9521cd006dff9400fdc29285097,68.6,33.730000000000004,49.17,4,17.15,4.848506944444444,11.273148148148149,0.0,1,0.4301,2,0,1,2.7380555555555555,credit_card,3,1,bed_bath_table,800.0,5.0,5.0,5.0,17.0,SP,1,bed_bath_table,SP
638eafbdec3d5db3fb980a7a9282827b,29.0,14.1,48.62,1,29.0,8.728831018518518,21.15486111111111,0.0,1,0.4126,5,1,0,6.682407407407408,credit_card,2,1,watches_gifts,250.0,3.0,8.0,1.0,20.0,PR,1,watches_gifts,PR
c91a2298842d411ec99d3b1f0b1b2e5a,338.0,26.95,7.97,1,338.0,4.298611111111111,17.542037037037037,0.0,1,0.245,5,1,0,0.8863888888888889,credit_card,7,1,toys,11867.0,1.0,5.0,5.0,10.0,SP,1,toys,SP
cce2d154c6667330120440af665ba1e5,119.0,17.6,14.79,1,119.0,27.995497685185185,39.2909375,0.0,1,0.7125,3,0,0,2.855138888888889,credit_card,1,1,computers_accessories,6550.0,1.0,4.0,6.0,17.0,RJ,1,computers_accessories,RJ
1a562770f891fc553db8662992cf1814,32.9,7.78,23.65,1,32.9,5.785995370370371,11.247152777777778,0.0,1,0.5144,5,1,0,0.8116319444444444,boleto,1,1,computers_accessories,500.0,2.0,7.0,0.0,18.0,SP,1,computers_accessories,SP
00a39521eb40f7012db50455bf083460,69.9,26.57,38.01,1,69.9,19.01888888888889,34.15670138888889,0.0,1,0.5568,4,1,0,3.023159722222222,credit_card,1,1,sports_leisure,2200.0,1.0,5.0,3.0,20.0,DF,0,sports_leisure,DF
3d4f12dece1264e5d6321f1b7f003336,12.9,7.78,60.31,1,12.9,3.3048842592592593,15.557592592592593,0.0,1,0.2124,5,1,0,2.6513541666666667,credit_card,1,1,electronics,150.0,1.0,1.0,2.0,10.0,SP,0,electronics,SP
fad995b311b9f03b1971fd74f3459c33,193.0,16.98,8.8,1,193.0,14.452604166666667,26.557418981481483,0.0,1,0.5442,5,1,0,1.5561574074074074,credit_card,4,1,sports_leisure,2400.0,1.0,12.0,4.0,10.0,SP,1,sports_leisure,SP
3d46f3720b481bf721544699010b97fd,157.8,19.4,12.29,2,78.9,6.970173611111111,28.187280092592594,0.0,1,0.2473,5,1,0,1.9093171296296296,credit_card,5,1,computers_accessories,180.0,1.0,5.0,3.0,19.0,SP,1,computers_accessories,SP
12b62a8d3c4911b9a80b935037842fc0,99.0,12.19,12.31,1,99.0,13.935972222222222,19.04778935185185,0.0,1,0.7316,3,0,0,0.8979050925925925,credit_card,4,1,health_beauty,100.0,1.0,11.0,2.0,22.0,SP,0,health_beauty,SP
5f4aaa87db6bfe806d2e08bd3a782f8d,69.0,19.67,28.51,1,69.0,5.975868055555556,10.120069444444445,0.0,1,0.5905,5,1,0,1.466736111111111,credit_card,2,1,health_beauty,800.0,1.0,8.0,4.0,21.0,DF,1,health_beauty,DF
4a162a5419f7cbfd59195ffc458479fb,599.98,29.86,4.98,2,299.99,7.234618055555556,14.499907407407408,0.0,1,0.4989,5,1,0,13.555092592592592,credit_card,10,1,toys,1582.0,2.0,9.0,1.0,12.0,RJ,1,toys,RJ
e0d253e4d5fca3b836406ddc859766e1,899.9,23.55,2.62,1,899.9,18.111805555555556,28.209849537037037,0.0,1,0.642,4,1,0,3.25568287037037,credit_card,10,1,toys,2000.0,10.0,1.0,4.0,18.0,SC,1,toys,SC
b784143b94566b06c7181f40ffa54369,92.0,13.66,14.85,1,92.0,10.341631944444444,23.57545138888889,0.0,1,0.4387,5,1,0,0.9995717592592592,credit_card,5,1,bed_bath_table,1550.0,1.0,2.0,6.0,10.0,SP,1,bed_bath_table,SP
a999e4bbad221a030b57ef4a2bfa1c39,27.2,19.32,71.03,1,27.2,6.422835648148148,18.662349537037038,0.0,1,0.3442,4,1,0,3.921851851851852,credit_card,1,1,home_appliances,1200.0,1.0,5.0,3.0,8.0,RJ,0,other,RJ
ec48b4e88b9a638a12b3e490e0e2f50e,50.0,15.1,30.2,1,50.0,14.10287037037037,22.485590277777778,0.0,1,0.6272,5,1,0,3.025798611111111,boleto,1,1,auto,50.0,1.0,6.0,1.0,12.0,RJ,1,auto,RJ
6dc91982f7a9db03fb1e65fe59d89b1c,59.9,17.67,29.5,1,59.9,14.382141203703704,32.45,0.0,1,0.4432,4,1,0,0.6225231481481481,boleto,1,1,garden_tools,1650.0,2.0,10.0,3.0,13.0,PR,1,garden_tools,PR
02ae5429a2a0c57554a8d4b7ed04b7e2,89.18,12.01,13.47,1,89.18,5.040578703703703,17.621041666666667,0.0,1,0.2861,5,1,0,1.7291666666666667,credit_card,1,1,housewares,750.0,1.0,3.0,0.0,9.0,SP,1,housewares,SP
f06c24e493fbd43d5a6117e44cb8df86,63.8,33.58,52.63,2,31.9,19.061400462962965,41.3497337962963,0.0,1,0.461,5,1,0,1.588136574074074,boleto,1,1,computers_accessories,250.0,2.0,9.0,4.0,15.0,BA,1,computers_accessories,BA
da2c992332b995581ced04ecfa3af199,144.99,18.26,12.59,1,144.99,21.20429398148148,31.59576388888889,0.0,1,0.6711,5,1,0,0.7013773148148148,boleto,1,1,cool_stuff,1050.0,1.0,2.0,1.0,9.0,RS,1,cool_stuff,RS
03543e7bcb602107d81abca01f3d94a5,174.99,24.5,14.0,1,174.99,13.070787037037038,27.31447916666667,0.0,1,0.4785,3,0,0,4.929386574074074,credit_card,4,1,office_furniture,9650.0,1.0,3.0,4.0,16.0,SP,1,office_furniture,SP
d2ba84114230bd2f5d401ddb302ac4cd,269.70000000000005,40.95,15.18,3,89.90000000000002,18.202962962962964,24.32880787037037,0.0,1,0.7482,2,0,1,0.9754050925925926,boleto,1,1,toys,1500.0,2.0,1.0,6.0,16.0,SP,1,toys,SP
f15b71e1436f2203885623aa3ca4f470,108.34,51.05,47.12,1,108.34,13.220810185185185,42.3149537037037,0.0,1,0.3124,4,1,0,1.631736111111111,credit_card,3,1,garden_tools,7800.0,1.0,6.0,3.0,16.0,PR,1,garden_tools,PR
c4b63ef535fcc0e592da817948dacd97,289.9,15.39,5.31,1,289.9,4.8903125,14.275949074074074,0.0,1,0.3426,5,1,0,1.5413425925925925,credit_card,6,1,electronics,311.0,2.0,4.0,3.0,17.0,SP,1,electronics,SP
308164cab318a5f0779afaf2ac622679,143.8,18.3,12.73,1,143.8,10.00550925925926,19.436064814814817,0.0,1,0.5148,5,1,0,1.0998842592592593,credit_card,10,1,auto,5950.0,1.0,3.0,5.0,13.0,SP,1,auto,SP
d7138daec48cc64772a12e236b0bda6c,49.9,17.63,35.33,1,49.9,24.88627314814815,46.20824074074074,0.0,1,0.5386,2,0,1,1.5856828703703705,credit_card,6,1,fashion_bags_accessories,200.0,4.0,6.0,5.0,19.0,PE,1,fashion_bags_accessories,PE
715f90d43334e54a29bb233e7687f65c,99.99,17.95,17.95,1,99.99,7.826921296296296,21.98462962962963,0.0,1,0.356,5,1,0,1.1210763888888888,credit_card,5,1,cool_stuff,1200.0,1.0,8.0,2.0,0.0,RJ,1,cool_stuff,RJ
b8a097297ee1be3223fdc6727b119ccb,319.0,13.73,4.3,1,319.0,2.490636574074074,22.633935185185184,0.0,1,0.11,5,1,0,5.533090277777778,credit_card,5,1,consoles_games,300.0,5.0,12.0,2.0,8.0,SP,1,other,SP
0ef74915f9bd7ef70668a50d59b635aa,41.99,11.73,27.94,1,41.99,12.040532407407408,17.531956018518517,0.0,1,0.6868,4,1,0,0.6454861111111111,credit_card,1,1,pet_shop,8500.0,1.0,12.0,5.0,11.0,SP,1,pet_shop,SP
f9ba9d121b44dbe3f51d23097357f0a8,80.0,12.9,16.13,1,80.0,8.946284722222222,20.35013888888889,0.0,1,0.4396,5,1,0,1.9158449074074073,credit_card,4,1,bed_bath_table,700.0,1.0,1.0,3.0,15.0,SP,1,bed_bath_table,SP
cb8f643de79c9cf562f8e764cac8815c,99.0,49.4,49.9,1,99.0,11.58105324074074,32.717962962962964,0.0,1,0.354,5,1,0,1.492337962962963,credit_card,1,1,garden_tools,8325.0,1.0,6.0,4.0,6.0,RS,1,garden_tools,RS
3bee75e8da82aef12b0859203cdf80a3,269.0,19.76,7.35,1,269.0,21.08591435185185,19.083125,48.066944444444445,0,1.105,5,1,0,3.012662037037037,credit_card,3,1,housewares,7800.0,6.0,5.0,3.0,22.0,RJ,1,housewares,RJ
f0d2bac5e3fac88c8acfe5f32f69305c,79.99,9.31,11.64,1,79.99,3.0739814814814816,19.20810185185185,0.0,1,0.16,5,1,0,1.0349189814814814,debit_card,1,1,sports_leisure,650.0,3.0,6.0,2.0,19.0,SP,1,sports_leisure,SP
69a8c6f34e9da18b29786ac7389b068b,27.9,22.06,79.07,1,27.9,6.923136574074074,25.18085648148148,0.0,1,0.2749,4,1,0,3.0061689814814816,credit_card,1,1,auto,50.0,2.0,5.0,5.0,19.0,BA,1,auto,BA
3392057cb6857cae346a55d319a8ec38,105.9,16.5,15.58,1,105.9,9.219652777777778,31.419502314814814,0.0,1,0.2934,2,0,1,2.949224537037037,credit_card,3,1,health_beauty,683.0,1.0,12.0,0.0,13.0,SP,1,health_beauty,SP
5971177a39d41f2c0b62b8a0d4ccde6a,65.9,27.0,40.97,1,65.9,11.501805555555556,31.613553240740742,0.0,1,0.3638,5,1,0,1.4250925925925926,boleto,1,1,sports_leisure,550.0,4.0,9.0,5.0,9.0,MG,1,sports_leisure,MG
f39b62573b5f639fa59972191980b9ec,127.8,22.98,17.98,2,63.9,10.146689814814815,17.319293981481483,0.0,1,0.5859,1,0,1,3.592789351851852,credit_card,1,1,housewares,1275.0,3.0,4.0,1.0,16.0,SP,1,housewares,SP
5e5023d36dd7ed1cff3481571bea4e30,99.0,21.18,21.39,1,99.0,14.305138888888889,24.48408564814815,0.0,1,0.5843,5,1,0,191.40244212962963,credit_card,4,1,garden_tools,2900.0,4.0,2.0,1.0,12.0,MG,1,garden_tools,MG
2cf22e66a6f804b13ba533e0832dc68a,298.0,10.83,3.63,1,298.0,4.80056712962963,15.996412037037038,0.0,1,0.3001,5,1,0,0.9466203703703704,credit_card,4,1,telephony,350.0,3.0,11.0,6.0,0.0,SP,1,telephony,SP
e2340f5098380d7686658168aab61a36,109.9,13.21,12.02,1,109.9,3.233587962962963,15.256087962962964,0.0,1,0.212,5,1,0,1.931539351851852,credit_card,1,1,watches_gifts,350.0,1.0,4.0,1.0,17.0,SP,1,watches_gifts,SP
3e50df928d6795a585bf698055913366,210.0,17.23,8.2,1,210.0,8.892488425925926,29.164768518518517,0.0,1,0.3049,5,1,0,0.8275347222222222,credit_card,4,1,stationery,1000.0,1.0,1.0,6.0,20.0,MG,1,stationery,MG
36204ceaf4bfb7d5083900c01c7135cf,67.99,8.88,13.06,1,67.99,10.25636574074074,17.549618055555555,0.0,1,0.5844,4,1,0,0.8915740740740741,credit_card,1,1,computers_accessories,450.0,2.0,6.0,5.0,10.0,SP,1,computers_accessories,SP
1861015b08340ff45e2fc9f90107cf15,170.0,15.94,9.38,1,170.0,12.297766203703704,30.411284722222224,0.0,1,0.4044,5,1,0,1.1685532407407406,credit_card,5,1,watches_gifts,459.0,2.0,12.0,0.0,14.0,RJ,1,watches_gifts,RJ
6f6abab6ce3577a7a1bf6f5c6a64f9b7,109.8,15.56,14.17,2,54.9,6.114976851851852,24.337974537037038,0.0,1,0.2513,5,1,0,2.697951388888889,boleto,1,1,fashion_bags_accessories,250.0,3.0,7.0,5.0,15.0,SP,1,fashion_bags_accessories,SP
83424549593093baf504ac260d4615e7,110.9,16.54,14.91,1,110.9,6.004710648148148,19.528240740740742,0.0,1,0.3075,4,1,0,1.5816435185185185,credit_card,2,1,fashion_male_clothing,800.0,2.0,5.0,6.0,11.0,SP,0,other,SP
236e278f3f926ac2206d12cfabcd2e1b,90.0,42.91,47.68,1,90.0,16.922002314814815,24.108229166666668,0.0,1,0.7019,5,1,0,0.9867361111111111,credit_card,6,1,health_beauty,1850.0,1.0,7.0,5.0,21.0,PI,1,health_beauty,other
fb554546f4b290032e65366c8472a343,379.78,21.48,5.66,2,189.89,60.0,26.378425925925924,500.0,0,2.6611,1,0,1,1.4245601851851852,boleto,1,1,computers_accessories,817.0,1.0,11.0,4.0,14.0,SP,1,computers_accessories,SP
267ff442736c1c9dc9a4b4d5d9205f7b,189.99,10.32,5.43,1,189.99,2.948148148148148,16.57625,0.0,1,0.1779,5,1,0,6.973703703703704,credit_card,4,1,health_beauty,600.0,5.0,3.0,1.0,10.0,SP,1,health_beauty,SP
93cc65bcb8c6e1c21d10736b25dacfef,810.0,39.03,4.82,1,810.0,10.102210648148148,22.273229166666667,0.0,1,0.4536,4,1,0,3.0081828703703706,boleto,1,1,cool_stuff,7150.0,4.0,10.0,2.0,17.0,PR,1,cool_stuff,PR
ee2b763c56ab856bee0314f113462791,53.9,17.63,32.71,1,53.9,13.976006944444444,17.283657407407407,0.0,1,0.8086,4,1,0,3.469571759259259,boleto,1,1,bed_bath_table,1950.0,1.0,9.0,1.0,17.0,MG,1,bed_bath_table,MG
dd697a01a74826cae527ce856a5052fb,129.99,24.06,18.51,1,129.99,9.915613425925926,19.174884259259258,0.0,1,0.5171,5,1,0,0.9289236111111111,credit_card,2,1,housewares,550.0,1.0,7.0,5.0,19.0,RS,1,housewares,RS
6c4f592c07af0871a867590961915e1c,123.9,14.21,11.47,1,123.9,8.154537037037038,32.50685185185185,0.0,1,0.2509,5,1,0,1.5306481481481482,credit_card,2,1,computers_accessories,200.0,1.0,7.0,5.0,11.0,SP,1,computers_accessories,SP
41829c207242a4402de7d589984cb22c,120.0,50.71,42.26,1,120.0,20.96951388888889,33.2096875,0.0,1,0.6314,5,1,0,3.521076388888889,credit_card,10,1,garden_tools,5950.0,1.0,1.0,5.0,18.0,PR,1,garden_tools,PR
47c9f6154b64a0e623d4a7560d32bc74,159.77,8.88,5.56,1,159.77,3.1686342592592593,17.204386574074075,0.0,1,0.1842,5,1,0,1.4773148148148147,credit_card,5,1,unknown,550.0,0.0,4.0,6.0,19.0,SP,1,unknown,SP
c68e0a1acf7f98a0c676473e846b3c6a,58.9,14.13,23.99,1,58.9,3.5638425925925925,15.884895833333333,0.0,1,0.2244,4,1,0,3.697488425925926,credit_card,3,1,housewares,7000.0,1.0,12.0,2.0,2.0,SP,1,housewares,SP
afdb02ae9ac1b2b174f20e7a300413f1,299.99,22.9,7.63,1,299.99,22.33508101851852,16.468541666666667,140.79694444444445,0,1.3562,3,0,0,2.4331597222222223,boleto,1,1,telephony,450.0,4.0,9.0,2.0,12.0,SP,1,telephony,SP
a408d11b37d0e58052343c66fa7ff65d,59.9,11.92,19.9,1,59.9,11.110451388888889,19.282083333333333,0.0,1,0.5762,4,1,0,2.9616087962962965,credit_card,3,1,cool_stuff,400.0,2.0,11.0,2.0,17.0,SP,1,cool_stuff,SP
ce0640b5ebf6dd6badf3f245d2cd60d0,9.9,16.79,169.6,1,9.9,31.218298611111113,24.570729166666666,159.54166666666666,0,1.2705,3,0,0,0.0,credit_card,1,1,housewares,100.0,1.0,1.0,1.0,10.0,BA,1,housewares,BA
8010e45d033ddc3d9ceeaf0c1b9b9b16,69.0,12.78,18.52,1,69.0,8.118414351851852,13.225057870370371,0.0,1,0.6139,4,1,0,3.0380902777777776,credit_card,1,1,health_beauty,3575.0,1.0,7.0,4.0,18.0,SP,1,health_beauty,SP
7bd208d8daa0a0aafdb4cfc079dbea6c,64.99,15.33,23.59,1,64.99,17.16866898148148,31.455011574074074,0.0,1,0.5458,4,1,0,3.0774189814814816,credit_card,6,1,health_beauty,150.0,1.0,5.0,1.0,13.0,RJ,1,health_beauty,RJ
10a63069b781d306f66536afdc0bbc98,189.9,23.91,12.59,1,189.9,10.693946759259259,20.032627314814814,0.0,1,0.5338,5,1,0,1.0118518518518518,credit_card,4,1,bed_bath_table,2250.0,2.0,3.0,5.0,23.0,DF,1,bed_bath_table,DF
5cffd635d8749c43510edef193be34c8,110.0,8.03,7.3,1,110.0,8.682511574074073,15.063680555555555,0.0,1,0.5764,5,1,0,0.8294328703703704,credit_card,2,1,watches_gifts,501.0,2.0,7.0,6.0,22.0,SP,1,watches_gifts,SP
bc70a522844989a1758d7afa37a4d613,179.0,19.13,10.69,1,179.0,22.06854166666667,38.313981481481484,0.0,1,0.576,3,0,0,0.9160416666666666,credit_card,4,1,watches_gifts,300.0,1.0,5.0,0.0,16.0,RJ,1,watches_gifts,RJ
168b650549ccf26c55e7040bce0ad370,269.99,29.27,10.84,1,269.99,8.952048611111111,25.261064814814816,0.0,1,0.3544,5,1,0,1.3709027777777778,credit_card,4,1,sports_leisure,2800.0,2.0,1.0,0.0,17.0,RS,1,sports_leisure,RS
aaff146bd210808c7d004a05966472a7,179.8,35.76,19.89,2,89.9,9.076226851851851,28.285462962962963,0.0,1,0.3209,5,1,0,2.4321064814814815,credit_card,3,1,bed_bath_table,1650.0,1.0,11.0,3.0,17.0,RJ,1,bed_bath_table,RJ
e57af309c40f1e310fbf11e8374b0c32,49.9,7.78,15.59,1,49.9,1.9903703703703703,19.470555555555556,0.0,1,0.1022,5,1,0,0.7475115740740741,credit_card,1,1,fashion_bags_accessories,200.0,5.0,12.0,4.0,12.0,SP,1,fashion_bags_accessories,SP
2839a8e407fa2cdf4feed75bf03341ec,79.9,17.0,21.28,1,79.9,6.997349537037037,26.53207175925926,0.0,1,0.2637,5,1,0,1.0922916666666667,credit_card,5,1,baby,280.0,6.0,5.0,2.0,11.0,RJ,1,baby,RJ
fdfc9e2e8e67be832f8ef6ca4e0f2be7,990.0,64.47,5.37,3,399.8999999999999,43.602222222222224,30.64496527777778,310.9741666666667,0,1.4228,2,0,1,2.4209027777777776,boleto,1,1,unknown,100.0,0.0,3.0,1.0,8.0,CE,1,unknown,CE
8b1df143e365451fb6048a27bd19ff79,98.0,18.79,19.17,1,98.0,6.4979861111111115,15.55457175925926,0.0,1,0.4178,5,1,0,2.044814814814815,credit_card,1,1,small_appliances_home_oven_and_coffee,450.0,1.0,8.0,6.0,10.0,RJ,1,other,RJ
d1083569a0a2dc25755edb078a454017,114.9,23.38,20.35,1,114.9,34.4246412037037,19.519953703703703,357.7125,0,1.7636,1,0,1,7.894537037037037,credit_card,10,1,bed_bath_table,1800.0,2.0,3.0,3.0,11.0,DF,1,bed_bath_table,DF
c0a2e2e17f16e2d424667e45e501c39f,259.98,117.44,45.17,1,259.98,16.241261574074073,43.4366087962963,0.0,1,0.3739,5,1,0,1.079039351851852,credit_card,10,1,office_furniture,18400.0,1.0,8.0,6.0,13.0,PA,1,office_furniture,PA
38cf1d19f55fcf73ffb24fd534657f89,129.9,43.71,33.65,1,129.9,11.153645833333334,15.186886574074075,0.0,1,0.7344,1,0,1,3.7508333333333335,credit_card,1,1,furniture_decor,2550.0,3.0,8.0,0.0,19.0,SP,1,furniture_decor,SP
3cf33b6177767b9488f1abc46baab374,79.9,14.31,17.91,1,79.9,5.249560185185185,23.580381944444444,0.0,1,0.2226,4,1,0,3.9452314814814815,credit_card,2,1,sports_leisure,233.0,1.0,8.0,5.0,10.0,SP,1,sports_leisure,SP
7bf1c59401206e31a78523077f3a1144,109.9,8.51,7.74,1,109.9,7.92693287037037,12.346435185185186,0.0,1,0.642,5,1,0,0.8149768518518519,credit_card,2,1,computers_accessories,173.0,1.0,8.0,4.0,15.0,SP,0,computers_accessories,SP
d75b61fa5df6a529c59ad27bad752091,149.99,18.33,12.22,1,149.99,12.055324074074074,32.21125,0.0,1,0.3743,5,1,0,3.4950925925925924,credit_card,8,1,telephony,500.0,2.0,7.0,0.0,18.0,MG,1,telephony,MG
05cc11f944a9cc2f8dd41fae770c313d,510.0,40.26,7.89,1,510.0,39.92398148148148,24.320810185185184,374.4761111111111,0,1.6416,2,0,1,3.5118287037037037,credit_card,8,2,watches_gifts,600.0,1.0,5.0,1.0,16.0,PE,1,watches_gifts,PE
94ab38525c16d9d5ce977b3fe3405ab8,53.99,21.18,39.23,1,53.99,41.632523148148145,33.94986111111111,184.3838888888889,0,1.2263,1,0,1,0.6383680555555555,credit_card,3,1,perfumery,200.0,1.0,1.0,2.0,1.0,AL,0,perfumery,other
4b939e88121ef0cdc6aa0af6d6435337,49.99,7.61,15.22,1,49.99,6.215358796296297,8.364895833333334,0.0,1,0.743,4,1,0,1.0531828703703705,credit_card,1,1,electronics,2150.0,1.0,7.0,0.0,15.0,SP,1,electronics,SP
a9f41152930e660a8b459a0c88c64aed,198.0,30.88,15.6,2,99.0,14.92712962962963,22.21912037037037,0.0,1,0.6718,4,1,0,1.048148148148148,boleto,1,1,construction_tools_safety,300.0,4.0,2.0,1.0,18.0,PR,1,other,PR
6b672d19bb5daf36d2e500d90b753a1e,158.0,16.21,10.26,1,158.0,4.042291666666666,16.48599537037037,0.0,1,0.2452,5,1,0,0.714224537037037,credit_card,3,1,baby,400.0,3.0,7.0,1.0,12.0,MG,1,baby,MG
d11e6986e9c21bf5a2acc0e9b4e1c287,49.9,16.79,33.65,1,49.9,11.141782407407407,30.60935185185185,0.0,1,0.364,3,0,0,2.509259259259259,credit_card,6,1,cool_stuff,450.0,6.0,5.0,1.0,9.0,BA,1,cool_stuff,BA
a54a1749bd03dfe0d3642b7fbd888b47,99.9,26.78,26.81,1,99.9,8.230462962962964,23.37034722222222,0.0,1,0.3522,5,1,0,1.0340972222222222,credit_card,1,1,furniture_decor,2500.0,1.0,3.0,2.0,15.0,SC,1,furniture_decor,SC
eb5e77818ce6373c00e2a0808d026123,431.12,47.66,11.05,2,215.56,17.293530092592594,19.401377314814816,0.0,1,0.8914,5,1,0,0.8609259259259259,credit_card,1,2,food_drink,1100.0,1.0,10.0,5.0,14.0,SP,1,other,SP
2d32acd3ec65cdd1da5ef425e03d0fda,115.19999999999999,45.3,39.32,3,38.4,7.024548611111111,20.16255787037037,0.0,1,0.3484,5,1,0,1.6001967592592592,credit_card,3,1,furniture_decor,950.0,1.0,9.0,5.0,20.0,MG,1,furniture_decor,MG
56251490b76587dfb8f8df2c38c32c33,99.9,19.94,19.96,1,99.9,8.406030092592593,23.52625,0.0,1,0.3573,4,1,0,0.9678935185185186,credit_card,1,1,perfumery,1100.0,3.0,6.0,0.0,11.0,ES,1,perfumery,ES
57e8d047ad2beffb5ba6943bc16a5fb5,527.9,17.18,3.25,1,527.9,20.857337962962962,20.96255787037037,0.0,1,0.995,1,0,1,1.0508449074074073,credit_card,5,1,health_beauty,593.0,3.0,8.0,2.0,0.0,SC,1,health_beauty,SC
1b541100aec8ba1888e7ac989e25c558,149.9,9.24,6.16,1,149.9,1.7952893518518518,12.136226851851852,0.0,1,0.1479,5,1,0,1.5172337962962963,credit_card,4,1,sports_leisure,200.0,6.0,8.0,4.0,20.0,SP,1,sports_leisure,SP
26b0e1ea6c8e0976c527ff599e113ad9,75.0,8.72,11.63,1,75.0,7.169837962962963,11.219502314814815,0.0,1,0.6391,5,1,0,1.5654166666666667,boleto,1,1,computers_accessories,400.0,1.0,11.0,3.0,18.0,SP,1,computers_accessories,SP
e84b5b350485f100868b2f719f2d9158,38.9,25.63,65.89,1,38.9,28.895972222222223,35.18277777777778,0.0,1,0.8213,5,1,0,2.9167824074074074,boleto,1,1,health_beauty,100.0,1.0,2.0,4.0,19.0,PE,1,health_beauty,PE
ca55f9ebddc988ee65f4dea1a93ebc98,55.0,7.78,14.15,1,55.0,2.539976851851852,12.17420138888889,0.0,1,0.2086,5,1,0,3.6267476851851854,voucher,1,1,watches_gifts,350.0,3.0,5.0,6.0,19.0,SP,0,watches_gifts,SP
f05124f0cbc15a2a4ab35a06cb86b9c0,98.8,17.94,18.16,1,98.8,11.986238425925926,29.035787037037036,0.0,1,0.4128,5,1,0,1.0649652777777778,boleto,1,1,garden_tools,1663.0,1.0,12.0,0.0,23.0,RJ,1,garden_tools,RJ
487e95378601c00342936b51ee9f50f2,205.0,15.04,7.34,1,205.0,6.506620370370371,16.702824074074073,0.0,1,0.3896,3,0,0,3.4933912037037036,credit_card,4,1,bed_bath_table,2900.0,4.0,7.0,6.0,7.0,SP,1,bed_bath_table,SP
d6dba8ad4b51acf11de3299b2ad557da,175.99,20.2,11.48,1,175.99,9.089641203703703,25.165347222222223,0.0,1,0.3612,4,1,0,1.4503587962962963,boleto,1,1,watches_gifts,600.0,1.0,6.0,6.0,20.0,MG,1,watches_gifts,MG
2274c5b3f1b59d5c283656e9ecf46364,330.0,20.41,6.18,1,330.0,16.783287037037038,26.247523148148147,0.0,1,0.6394,5,1,0,3.9636689814814816,boleto,1,1,health_beauty,400.0,6.0,6.0,3.0,18.0,MG,1,health_beauty,MG
87b4130d5349cb9c354d866c7f70cd23,25.0,14.1,56.4,1,25.0,7.081261574074074,21.16210648148148,0.0,1,0.3346,5,1,0,1.3530671296296295,credit_card,3,1,perfumery,450.0,2.0,3.0,4.0,20.0,SP,1,perfumery,SP
d38d6803824069cf70489ba677684259,79.0,26.85,33.99,1,79.0,9.439016203703703,22.50949074074074,0.0,1,0.4193,5,1,0,3.8642476851851852,credit_card,4,1,bed_bath_table,2150.0,1.0,8.0,6.0,11.0,SP,1,bed_bath_table,SP
90343176d1f7a39a5dbe16b545e935b6,56.99,13.98,24.53,1,56.99,8.259317129629629,22.24650462962963,0.0,1,0.3713,4,1,0,0.5424305555555555,credit_card,2,1,bed_bath_table,850.0,1.0,7.0,1.0,18.0,SP,1,bed_bath_table,SP
2ae9c0e55708edf3ebe5796bdcca1b80,138.89,20.729999999999997,14.93,2,69.445,2.2422800925925928,6.487488425925926,0.0,1,0.3456,2,0,1,2.578425925925926,credit_card,7,1,housewares,900.0,3.0,8.0,3.0,12.0,SP,1,housewares,SP
a105f85e41741647a419870fa5d2df6c,143.8,18.9,13.14,1,143.8,17.518368055555555,20.668599537037036,0.0,1,0.8476,4,1,0,1.87125,credit_card,4,1,auto,5950.0,1.0,8.0,5.0,7.0,SP,1,auto,SP
4a705c728ee9a493d5bce6a1639aad23,129.9,16.01,12.32,1,129.9,5.174479166666667,25.149155092592594,0.0,1,0.2058,5,1,0,0.48131944444444447,credit_card,1,1,electronics,100.0,2.0,7.0,0.0,20.0,PR,1,electronics,PR
650673167c200bc407060954ab314290,37.0,12.79,34.57,1,37.0,6.575219907407408,30.069386574074073,0.0,1,0.2187,5,1,0,0.8365972222222222,credit_card,3,1,diapers_and_hygiene,250.0,1.0,6.0,1.0,22.0,SP,1,other,SP
b8521fd4a5dbdf907f969af459a46838,990.0,25.75,1.56,1,1653.88,9.064386574074074,25.644513888888888,0.0,1,0.3535,4,1,0,1.482662037037037,credit_card,5,1,watches_gifts,530.0,1.0,4.0,6.0,8.0,RJ,1,watches_gifts,RJ
da4e881eb0df5b43c3bec5807531cf1b,53.8,17.76,33.01,2,26.9,2.011550925925926,8.0303125,0.0,1,0.2505,3,0,0,1.418101851851852,credit_card,1,1,electronics,541.0,1.0,5.0,0.0,23.0,SP,1,electronics,SP
7d2c83859f25ef23950e05c5985ef5f4,142.9,17.74,12.41,1,142.9,10.642337962962962,25.072939814814816,0.0,1,0.4245,5,1,0,1.0850462962962963,credit_card,10,1,toys,2500.0,8.0,4.0,5.0,22.0,MG,1,toys,MG
162459ac2fdb77438cd11769d85bd027,119.0,27.9,23.45,1,119.0,18.691666666666666,21.06763888888889,0.0,1,0.8872,4,1,0,0.8953472222222222,credit_card,5,1,construction_tools_construction,5450.0,1.0,5.0,1.0,22.0,BA,1,other,BA
c41888578ce42b42a96f107a21c2b3cc,39.99,13.71,34.28,1,39.99,6.70943287037037,17.828344907407406,0.0,1,0.3763,5,1,0,1.085798611111111,credit_card,1,1,baby,260.0,6.0,3.0,5.0,4.0,SP,1,baby,SP
d2f38262a9f66d15aa9fc2b60ea873d9,89.9,11.24,12.5,1,89.9,7.018912037037037,26.453645833333333,0.0,1,0.2653,5,1,0,1.5293518518518519,boleto,1,1,housewares,600.0,7.0,1.0,4.0,13.0,SP,0,housewares,SP
dc170fa9d3d1635e5584b8f137ee3992,24.9,22.85,91.77,1,24.9,33.37571759259259,38.50862268518519,0.0,1,0.8667,5,1,0,1.5475810185185186,credit_card,1,1,health_beauty,150.0,1.0,5.0,0.0,11.0,AM,1,health_beauty,other
adf208f77bb92d647117adaa1a7ef566,32.9,17.6,53.5,1,32.9,20.910127314814815,28.126041666666666,0.0,1,0.7434,4,1,0,1.6518287037037036,boleto,1,1,pet_shop,6800.0,1.0,11.0,1.0,20.0,RS,1,pet_shop,RS
f959005f36821cbef469aae18e5ea78d,70.9,14.25,20.1,1,70.9,13.211805555555555,20.303680555555555,0.0,1,0.6507,4,1,0,5.7259722222222225,credit_card,3,1,telephony,250.0,4.0,10.0,3.0,16.0,RJ,1,telephony,RJ
928c822f6eb7267fe1669503d1a24c89,20.49,7.4,36.12,1,20.49,12.504583333333333,5.026238425925926,179.4802777777778,0,2.4879,1,0,1,0.7222685185185185,credit_card,1,1,sports_leisure,100.0,1.0,8.0,3.0,23.0,SP,1,sports_leisure,SP
fdef3417d316c5b0a55584ce06e96448,135.0,18.2,13.48,1,135.0,19.06085648148148,21.06315972222222,0.0,1,0.9049,4,1,0,3.438275462962963,credit_card,7,1,bed_bath_table,2250.0,1.0,11.0,3.0,22.0,RJ,1,bed_bath_table,RJ
215b9a9848df6dd29932574ccebb5b3e,98.0,35.28,36.0,2,49.0,12.164444444444445,24.173368055555557,0.0,1,0.5032,5,1,0,4.6462615740740745,credit_card,10,1,garden_tools,1550.0,2.0,11.0,5.0,19.0,PR,1,garden_tools,PR
a967a2aed325ac121484ed757da16f58,299.99,14.35,4.78,1,299.99,11.588275462962963,17.141053240740742,0.0,1,0.6761,5,1,0,0.7828472222222222,credit_card,4,1,telephony,450.0,4.0,9.0,5.0,20.0,BA,1,telephony,BA
eceec0d08c47611baace003c6c26dd2b,39.9,8.27,20.73,1,39.9,6.152048611111111,33.25017361111111,0.0,1,0.185,3,0,0,1.5385648148148148,credit_card,1,1,home_appliances,275.0,3.0,12.0,3.0,17.0,SP,1,other,SP
33b141e373b4f251b033f9ed33d6974d,154.9,17.52,11.31,1,154.9,14.117986111111112,27.26957175925926,0.0,1,0.5177,5,1,0,0.6247800925925926,credit_card,5,1,watches_gifts,300.0,1.0,10.0,3.0,17.0,BA,0,watches_gifts,BA
93306f34527f7d6cd7d0b98cfeb04c12,109.9,18.02,16.4,1,109.9,28.52025462962963,26.62878472222222,45.39527777777778,0,1.071,5,1,0,1.6767592592592593,credit_card,2,1,bed_bath_table,1200.0,1.0,11.0,2.0,8.0,RJ,1,bed_bath_table,RJ
2c5b5819a1ae0b137f61daff8dfe2b69,53.9,13.46,24.97,1,53.9,8.55193287037037,17.056863425925926,0.0,1,0.5014,3,0,0,0.6887731481481482,credit_card,5,1,garden_tools,1800.0,2.0,4.0,0.0,22.0,SP,1,garden_tools,SP
9e5f9798a71d8f5ec3020a5500d70430,18.95,14.52,76.62,1,18.95,9.604444444444445,23.08337962962963,0.0,1,0.4161,3,0,0,3.5241435185185184,credit_card,3,1,telephony,275.0,2.0,4.0,1.0,21.0,PR,1,telephony,PR
e3a838bd588ac1fdd5cb746c5ff1753c,40.0,15.38,38.45,1,40.0,5.854166666666667,14.320231481481482,0.0,1,0.4088,5,1,0,0.7049768518518519,boleto,1,1,housewares,200.0,4.0,8.0,4.0,16.0,SP,1,housewares,SP
c4152734eaadb5071714ca60a076b036,205.0,26.27,12.81,1,205.0,16.177175925925926,28.40653935185185,0.0,1,0.5695,5,1,0,1.654074074074074,credit_card,10,1,bed_bath_table,2900.0,4.0,7.0,0.0,14.0,RS,1,bed_bath_table,RS
ff9bc66daa6702543b16f3c4897e300b,89.0,8.99,10.1,1,89.0,1.864224537037037,16.452488425925925,0.0,1,0.1133,5,1,0,1.0887731481481482,voucher,1,2,market_place,400.0,6.0,3.0,1.0,13.0,SP,1,other,SP
e6ebe369c5029760bc20d536bbf30b24,105.0,27.04,25.75,1,105.0,9.331597222222221,23.467094907407407,0.0,1,0.3976,5,1,0,3.0732407407407405,credit_card,2,1,furniture_decor,2650.0,1.0,7.0,6.0,12.0,RJ,1,furniture_decor,RJ
224986d9e2bbc1eaeb9b6c0ed42439fe,74.9,9.74,13.0,1,74.9,11.062696759259259,17.23005787037037,0.0,1,0.6421,5,1,0,1.0407175925925927,credit_card,5,1,bed_bath_table,850.0,1.0,11.0,4.0,18.0,SP,1,bed_bath_table,SP
73a03e843555993655fd18215597aad5,89.0,22.55,25.34,1,89.0,9.875185185185185,24.07888888888889,0.0,1,0.4101,5,1,0,1.0216666666666667,credit_card,5,1,small_appliances,500.0,1.0,7.0,1.0,22.0,MS,1,other,other
b5d391e8447d5ae0f8b852be83249e07,67.0,14.05,20.97,1,67.0,10.452465277777778,15.413310185185185,0.0,1,0.6781,4,1,0,0.8170949074074074,credit_card,6,1,furniture_decor,1400.0,1.0,8.0,2.0,14.0,SP,0,furniture_decor,SP
94ba28dc43c39def8999885a3672a0d7,51.9,16.06,30.94,1,51.9,5.791064814814815,29.27841435185185,0.0,1,0.1978,5,1,0,2.5300694444444445,credit_card,3,1,health_beauty,123.0,5.0,4.0,6.0,17.0,SP,1,health_beauty,SP
835cd65a1ff89e0be89851e41cab8c3d,225.8,33.52,14.84,2,112.9,6.030046296296296,15.283391203703705,0.0,1,0.3945,5,1,0,1.4208680555555555,credit_card,2,1,sports_leisure,750.0,3.0,5.0,3.0,17.0,SC,1,sports_leisure,SC
c8d290f02486b6ce9c184950b92334a8,133.0,15.68,11.79,1,133.0,9.442222222222222,22.484826388888887,0.0,1,0.4199,5,1,0,1.4304282407407407,credit_card,8,1,bed_bath_table,1900.0,2.0,11.0,2.0,12.0,RJ,1,bed_bath_table,RJ
256a818e4a419ff827a36a52252fb8f1,149.7,45.4,30.33,3,49.9,2.781539351851852,22.100613425925925,0.0,1,0.1259,5,1,0,0.8956828703703704,voucher,1,1,baby,250.0,4.0,8.0,2.0,21.0,MG,1,baby,MG
bf8c6803e3c50a18790e976401dd45a0,127.9,27.22,21.28,1,127.9,9.173252314814814,21.510034722222223,0.0,1,0.4265,5,1,0,1.609236111111111,boleto,1,1,baby,4117.0,2.0,7.0,1.0,11.0,SP,1,baby,SP
1803287d1e7138aec6ea9d3c963ed87d,89.99,7.88,8.76,1,89.99,5.124074074074074,15.638078703703703,0.0,1,0.3277,5,1,0,7.69474537037037,boleto,1,1,health_beauty,250.0,3.0,9.0,6.0,8.0,SP,0,health_beauty,SP
63ced7cbf403a37d040f2e5c050e555e,259.78,139.54,53.71,2,129.89,12.433206018518518,19.570960648148148,0.0,1,0.6353,4,1,0,2.671851851851852,credit_card,8,1,costruction_tools_garden,18400.0,1.0,4.0,3.0,10.0,SP,1,other,SP
f7779790fa751da3565ae19e6dc67838,99.99,17.14,17.14,1,99.99,19.83300925925926,18.25880787037037,37.780833333333334,0,1.0862,5,1,0,0.7244444444444444,boleto,1,1,toys,600.0,3.0,9.0,0.0,17.0,SC,1,toys,SC
7cbf8986201ad87f000d91dee89f8d47,17.99,11.85,65.87,1,17.99,18.19496527777778,20.335787037037036,0.0,1,0.8947,5,1,0,14.822523148148148,credit_card,1,1,telephony,150.0,1.0,2.0,4.0,15.0,SP,1,telephony,SP
bde2fd5de54228d761899db7bed5dcfe,27.9,8.27,29.64,1,27.9,3.070659722222222,10.352824074074075,0.0,1,0.2966,1,0,1,3.4998263888888888,boleto,1,1,pet_shop,300.0,3.0,6.0,1.0,15.0,SP,1,pet_shop,SP
71937ab0737dd0cc11a6ee528b22be7a,159.0,13.29,8.36,1,159.0,15.421076388888888,23.554039351851852,0.0,1,0.6547,4,1,0,1.1030555555555557,credit_card,10,1,auto,2100.0,5.0,4.0,2.0,10.0,RJ,1,auto,RJ
0f984f9ca7135856453915690249541f,159.6,56.4,35.34,4,39.9,7.188391203703704,24.467430555555556,0.0,1,0.2938,1,0,1,0.8630787037037037,credit_card,2,1,sports_leisure,200.0,1.0,9.0,6.0,12.0,MG,1,sports_leisure,MG
6e6fdec52c6dbf58721bf7a4eaf5b679,58.99,16.66,28.24,1,58.99,10.139722222222222,22.336909722222224,0.0,1,0.4539,3,0,0,0.37694444444444447,boleto,1,1,health_beauty,200.0,2.0,10.0,6.0,15.0,MG,1,health_beauty,MG
572e9e13a44a5e4ac5c42e74b324244f,73.9,12.77,17.28,1,73.9,6.286377314814815,20.532199074074075,0.0,1,0.3062,1,0,1,3.0262152777777778,boleto,1,1,sports_leisure,400.0,1.0,6.0,2.0,11.0,GO,1,sports_leisure,GO
30ed9f4629a6d4c77f2f561a5fab2189,65.0,9.34,14.37,1,65.0,32.01614583333333,15.199039351851852,403.61055555555555,0,2.1065,3,0,0,0.14690972222222223,boleto,1,1,sports_leisure,1000.0,2.0,11.0,6.0,19.0,SP,1,sports_leisure,SP
3c00ae4d32ad5318b8dde8208f7f5b25,499.99,165.55,33.11,1,499.99,31.043449074074076,21.247002314814814,235.1147222222222,0,1.4611,1,0,1,0.40063657407407405,credit_card,10,1,cool_stuff,18400.0,7.0,3.0,0.0,18.0,RJ,1,cool_stuff,RJ
b2f20c3ce9b8f32ecddaf35bb9338546,102.0,15.47,15.17,1,102.0,10.12701388888889,13.09792824074074,0.0,1,0.7732,5,1,0,0.505011574074074,credit_card,1,1,industry_commerce_and_business,11325.0,4.0,2.0,5.0,21.0,SP,1,other,SP
fced0ca327bb1e241ad08e7311f169fc,139.0,23.96,17.24,1,139.0,15.318773148148148,29.45289351851852,0.0,1,0.5201,1,0,1,2.9975347222222224,credit_card,1,1,air_conditioning,8750.0,4.0,6.0,0.0,13.0,SP,1,other,SP
5ceed695eeb968efc7959d859a902e00,95.74,36.77,38.41,1,95.74,2.90875,13.099131944444444,0.0,1,0.2221,5,1,0,0.6908796296296297,credit_card,1,1,housewares,17300.0,1.0,11.0,1.0,21.0,SP,1,housewares,SP
495dd72676ccf7d3a7d7ad8f4dd13dba,45.0,18.23,40.51,1,45.0,18.08133101851852,18.138726851851853,0.0,1,0.9968,5,1,0,1.0874189814814814,credit_card,4,1,housewares,500.0,1.0,5.0,0.0,20.0,PR,1,housewares,PR
60b556b3cc0a84c4f3f26416a3f2f544,20.99,11.73,55.88,1,20.99,4.822766203703703,15.142476851851852,0.0,1,0.3185,5,1,0,0.9842013888888889,credit_card,1,1,baby,300.0,1.0,10.0,2.0,20.0,SP,1,baby,SP
f2a4f4165b72d65a5e7d10bbce13cecf,92.0,21.97,23.88,1,92.0,9.050439814814816,17.472233796296297,0.0,1,0.518,5,1,0,1.1010069444444444,boleto,1,1,office_furniture,6400.0,1.0,3.0,0.0,12.0,SP,1,office_furniture,SP
aafe451fe830291f6caa59e759df954f,344.0,17.96,5.22,1,344.0,6.324351851851852,13.402337962962964,0.0,1,0.4719,3,0,0,27.71613425925926,credit_card,8,1,garden_tools,5683.0,3.0,5.0,3.0,14.0,SP,1,garden_tools,SP
bf56e7a0d1d125f0ebf7218b759752ac,59.9,24.91,41.59,1,59.9,26.83134259259259,54.467650462962965,0.0,1,0.4926,5,1,0,1.0370833333333334,credit_card,6,1,furniture_decor,633.0,2.0,1.0,4.0,12.0,PA,1,furniture_decor,PA
92181c7ab9eae9f4879cb1f6a1bcfcba,49.98,14.78,29.57,2,24.99,7.146203703703704,13.434826388888888,0.0,1,0.5319,1,0,1,2.9032407407407406,credit_card,1,1,small_appliances,100.0,3.0,5.0,2.0,13.0,SP,1,other,SP
a3e04f4bbb17f87b62929ee66982946e,49.0,18.44,37.63,1,49.0,6.810451388888889,12.260185185185184,0.0,1,0.5555,4,1,0,0.7036226851851852,credit_card,6,1,furniture_decor,350.0,2.0,8.0,3.0,17.0,SP,1,furniture_decor,SP
b5d391e8447d5ae0f8b852be83249e07,67.0,14.05,20.97,1,67.0,10.452465277777778,15.413310185185185,0.0,1,0.6781,4,1,0,0.8170949074074074,credit_card,6,1,furniture_decor,1400.0,1.0,8.0,2.0,14.0,SP,0,furniture_decor,SP
f7d3d2b24fee56ba3e280a12122c11ed,69.9,14.22,20.34,1,69.9,13.845740740740741,17.12150462962963,0.0,1,0.8087,5,1,0,0.9971412037037037,boleto,1,1,auto,1650.0,6.0,7.0,1.0,21.0,MG,1,auto,MG
f25f06e6fe07270ef5d0e88f19f178d0,849.5,63.449999999999996,7.47,5,169.9,3.5555671296296296,17.650324074074074,0.0,1,0.2014,5,1,0,1.3330092592592593,credit_card,1,1,watches_gifts,584.0,3.0,9.0,0.0,8.0,SP,1,watches_gifts,SP
f36f76de5290df0bae563f9cdccffeb7,159.0,38.95,24.5,1,159.0,20.839918981481482,21.192847222222223,0.0,1,0.9833,1,0,1,4.729143518518518,credit_card,2,1,home_appliances_2,7300.0,3.0,7.0,1.0,19.0,SP,1,other,SP
02e42ba4354c5aea7a08fc75d9f41b5f,134.99,15.7,11.63,1,134.99,9.996828703703704,21.408333333333335,0.0,1,0.467,3,0,0,3.5589583333333334,credit_card,2,1,cool_stuff,2425.0,1.0,7.0,1.0,14.0,RJ,1,cool_stuff,RJ
0167f525469634cccbda49491f01324c,55.0,23.19,42.16,1,55.0,8.965034722222223,15.102037037037038,0.0,1,0.5936,5,1,0,35.14976851851852,credit_card,6,1,bed_bath_table,550.0,1.0,8.0,0.0,21.0,RS,1,bed_bath_table,RS
611799e29c068180c82b65ab192b559b,239.0,20.64,8.64,1,239.0,21.353032407407408,23.358923611111113,0.0,1,0.9141,4,1,0,1.8282175925925925,credit_card,5,1,baby,7150.0,4.0,4.0,1.0,15.0,MG,1,baby,MG
1628d339bb007338af1e7d2eccd55ecb,14.6,7.78,53.29,1,14.6,10.28568287037037,16.443483796296295,0.0,1,0.6255,4,1,0,0.9453125,credit_card,1,1,electronics,200.0,1.0,2.0,0.0,13.0,SP,1,electronics,SP
7b6d800cbf415e15bba156cdbe6d110a,267.99,16.63,6.21,1,267.99,9.904131944444444,23.050671296296297,0.0,1,0.4297,5,1,0,1.8397800925925927,credit_card,5,1,computers_accessories,350.0,2.0,9.0,5.0,22.0,MG,1,computers_accessories,MG
ba84da8c159659f116329563a0a981dd,76.0,18.63,24.51,1,76.0,4.193761574074074,29.314675925925926,0.0,1,0.1431,1,0,1,3.3979166666666667,credit_card,1,1,computers_accessories,300.0,1.0,8.0,0.0,16.0,RJ,1,computers_accessories,RJ
8cda1c465f7a60605d4441dd8276d03b,92.65,15.41,16.63,1,92.65,9.221180555555556,25.52869212962963,0.0,1,0.3612,2,0,1,2.8171412037037036,credit_card,2,1,sports_leisure,501.0,1.0,12.0,0.0,11.0,SP,1,sports_leisure,SP
6c4fea95f5baaadf8233adb0fdbc6079,17.46,38.1,218.21,2,8.73,22.141331018518517,29.544409722222223,0.0,1,0.7494,2,0,1,1.0422337962962962,credit_card,5,1,furniture_decor,700.0,1.0,4.0,1.0,10.0,SC,1,furniture_decor,SC
5953b7dae07c8ffd6f76f5a86196254d,977.98,24.73,2.53,1,977.98,18.170277777777777,24.344780092592593,0.0,1,0.7464,2,0,1,1.5207986111111111,credit_card,10,1,computers_accessories,300.0,2.0,3.0,4.0,15.0,PR,1,computers_accessories,PR
248b7cede37b4c9d2800654c5c022a71,339.9,25.53,7.51,1,339.9,13.157476851851852,25.317395833333332,0.0,1,0.5197,4,1,0,1.0184027777777778,credit_card,4,1,perfumery,550.0,1.0,7.0,5.0,16.0,GO,1,perfumery,GO
0997d36df2226f690af0ad9b83be5557,25.0,16.11,64.44,1,25.0,10.288055555555555,25.26502314814815,0.0,1,0.4072,3,0,0,0.3523263888888889,credit_card,1,1,cool_stuff,600.0,2.0,11.0,0.0,17.0,SP,1,cool_stuff,SP
4d9f13fb85d5648e4c06dd230962e6a6,99.9,21.19,21.21,1,99.9,22.27054398148148,21.550729166666667,17.275555555555556,0,1.0334,4,1,0,0.9775231481481481,credit_card,1,1,sports_leisure,2100.0,2.0,2.0,0.0,10.0,ES,1,sports_leisure,ES
d2ba241618c8d279f887476b41705adb,169.78,15.88,9.35,2,84.89,9.987905092592593,13.248043981481482,0.0,1,0.7539,3,0,0,1.5571527777777778,credit_card,1,1,computers_accessories,321.0,1.0,3.0,3.0,18.0,SP,1,computers_accessories,SP
9c4b003ec162e400d0401ea3acc28395,349.9,20.62,5.89,1,349.9,20.055729166666666,43.39144675925926,0.0,1,0.4622,5,1,0,1.5257175925925925,credit_card,8,1,health_beauty,900.0,1.0,4.0,2.0,14.0,RJ,1,health_beauty,RJ
41edd0f0f3c64bc0c9462b636b1ed425,215.0,60.72,28.24,1,215.0,3.157627314814815,20.55003472222222,0.0,1,0.1537,5,1,0,2.4969675925925925,credit_card,2,1,furniture_living_room,9150.0,5.0,8.0,2.0,10.0,RJ,1,other,RJ
b9719aa7c99391106f1bacba9be12f06,169.9,12.69,7.47,1,169.9,6.886157407407407,21.99388888888889,0.0,1,0.3131,5,1,0,1.6142708333333333,credit_card,9,1,watches_gifts,444.0,3.0,8.0,4.0,0.0,SP,1,watches_gifts,SP
4e1554d1a2dcb38dcf22770eb7390fe1,422.01,25.67,6.08,1,422.01,8.164340277777777,13.30829861111111,0.0,1,0.6135,1,0,1,2.5519212962962965,credit_card,9,1,computers_accessories,300.0,6.0,7.0,1.0,16.0,DF,1,computers_accessories,DF
1f0714f75388780210db954e813416e4,34.3,8.11,23.64,1,34.3,4.051527777777777,17.479699074074073,0.0,1,0.2318,5,1,0,2.683125,debit_card,1,1,fashion_bags_accessories,300.0,1.0,1.0,5.0,12.0,SP,1,fashion_bags_accessories,SP
130ed01dc02c7f30cea9a7faabda07b7,39.9,9.34,23.41,1,39.9,6.298993055555556,12.538993055555556,0.0,1,0.5024,5,1,0,1.507951388888889,credit_card,1,1,health_beauty,650.0,1.0,8.0,2.0,11.0,SP,1,health_beauty,SP
d9d89e798dfd000f8459932fbedb0c32,69.9,56.38,80.66,1,69.9,11.742256944444444,37.99665509259259,0.0,1,0.309,4,1,0,3.0769444444444445,credit_card,4,1,furniture_decor,600.0,1.0,10.0,1.0,0.0,PA,1,furniture_decor,PA
b13e0007c284a77da34b45652f2c8d16,789.99,21.29,2.69,1,789.99,11.198703703703703,24.179837962962964,0.0,1,0.4631,5,1,0,3.657071759259259,credit_card,8,1,watches_gifts,700.0,3.0,11.0,5.0,19.0,GO,1,watches_gifts,GO
318a9d6995a9ec86a7729eb201f6ef16,87.9,23.42,26.64,1,87.9,10.214039351851852,28.48576388888889,0.0,1,0.3586,4,1,0,0.8761921296296297,credit_card,1,1,toys,2725.0,1.0,7.0,2.0,12.0,RS,1,toys,RS
61ea98cd31d5d98f2eff56e69d8c6467,42.99,8.72,20.28,1,42.99,8.551157407407407,26.24971064814815,0.0,1,0.3258,5,1,0,1.55,credit_card,1,1,toys,200.0,4.0,2.0,6.0,18.0,SP,1,toys,SP
1b1819e5da72c7a8c26b2e46aeeac553,550.0,145.99,26.54,1,550.0,49.9293287037037,33.445405092592594,395.6141666666667,0,1.4929,1,0,1,0.4491898148148148,boleto,1,1,health_beauty,18400.0,1.0,2.0,3.0,13.0,RJ,1,health_beauty,RJ
f7c78a55091299e2556218e647c2bb73,49.77,7.78,15.63,1,49.77,6.9453356481481485,17.440729166666667,0.0,1,0.3982,5,1,0,3.5155555555555558,credit_card,2,1,unknown,100.0,0.0,2.0,4.0,13.0,SP,1,unknown,SP
75b069f3db2bafb5dc7bb4004b7baa1a,47.98,51.26,106.84,2,23.99,17.898483796296297,26.10821759259259,0.0,1,0.6855,1,0,1,5.851875,credit_card,4,1,bed_bath_table,550.0,1.0,10.0,5.0,21.0,CE,1,bed_bath_table,CE
f5b0285002cc988e5694855a11a1132d,17.89,10.96,61.26,1,17.89,17.106782407407408,18.64871527777778,0.0,1,0.9173,2,0,1,1.544212962962963,credit_card,2,1,telephony,350.0,1.0,4.0,3.0,8.0,SP,1,telephony,SP
9ab8da3d97f7888dc560b6e0cdca36ba,135.0,18.2,13.48,1,135.0,14.097800925925926,29.345208333333332,0.0,1,0.4804,5,1,0,1.4637152777777778,boleto,1,1,sports_leisure,1600.0,1.0,2.0,2.0,15.0,MG,1,sports_leisure,MG
